Player,Age,Team,Pos,G,GS,MP,PER,TS%,3PAr,FTr,ORB%,DRB%,TRB%,AST%,STL%,BLK%,TOV%,USG%,OWS,DWS,WS,WS/48,OBPM,DBPM,BPM,VORP
Damian Lillard,22,POR,PG,82,82,3167,16.4,0.546,0.391,0.249,1.5,8.0,4.7,28.8,1.2,0.5,14.5,24.2,5.1,0.7,5.8,0.088,2.1,-1.9,0.3,1.8
Kevin Durant,24,OKC,SF,81,81,3119,28.3,0.647,0.233,0.523,1.8,20.3,11.8,21.7,1.9,2.6,13.7,29.8,13.6,5.3,18.9,0.291,7.6,1.7,9.3,8.9
Monta Ellis,27,MIL,SG,82,82,3076,16.2,0.493,0.228,0.26,1.5,9.8,5.5,27.1,2.8,0.9,13.7,26.3,1.2,3.3,4.6,0.071,0.3,0.3,0.6,2.1
DeMar DeRozan,23,TOR,SG,82,82,3013,14.7,0.523,0.097,0.347,1.9,10.9,6.3,12.0,1.3,0.6,9.6,24.2,3.1,1.6,4.7,0.075,-0.2,-1.2,-1.4,0.4
Kobe Bryant,34,LAL,SG,78,78,3013,23.0,0.57,0.255,0.392,2.5,13.1,7.9,29.7,1.8,0.6,13.3,31.9,8.4,2.6,10.9,0.174,4.7,-0.1,4.6,5.0
James Harden,23,HOU,SG,78,78,2985,22.9,0.6,0.364,0.592,2.4,11.9,7.2,25.7,2.4,1.0,14.9,29.0,9.8,3.0,12.8,0.206,5.2,0.5,5.6,5.8
Stephen Curry,24,GSW,PG,78,78,2983,21.3,0.589,0.432,0.21,2.3,9.1,5.8,31.1,2.1,0.3,13.7,26.4,8.4,2.8,11.2,0.18,5.3,0.1,5.4,5.6
Paul George,22,IND,SF,79,79,2972,16.8,0.531,0.399,0.233,3.4,19.0,11.3,19.6,2.6,1.3,15.2,23.5,2.7,6.3,9.0,0.145,1.5,2.3,3.8,4.4
Klay Thompson,22,GSW,SG,82,82,2936,12.7,0.533,0.437,0.13,1.2,10.0,5.7,10.1,1.5,1.2,11.0,21.8,1.7,2.6,4.3,0.07,-0.1,-0.2,-0.3,1.3
Jrue Holiday,22,PHI,PG,78,78,2926,16.7,0.496,0.192,0.188,3.3,9.5,6.4,36.5,2.2,0.9,17.3,26.6,0.6,2.7,3.3,0.055,1.2,-0.7,0.5,1.9
O.J. Mayo,25,DAL,SG,82,82,2913,13.9,0.556,0.34,0.227,1.4,9.6,5.6,19.4,1.6,0.6,15.7,20.9,2.3,1.8,4.2,0.069,0.1,-0.6,-0.5,1.1
David Lee,29,GSW,PF,79,79,2907,19.2,0.561,0.003,0.276,8.5,24.5,16.8,16.5,1.2,0.6,13.7,23.2,5.4,3.7,9.1,0.15,1.4,0.4,1.8,2.8
Luol Deng,27,CHI,SF,75,75,2903,15.1,0.508,0.213,0.258,6.3,12.6,9.4,13.2,1.5,0.8,10.6,21.5,3.0,3.3,6.3,0.105,1.0,-0.3,0.8,2.0
Brandon Jennings,23,MIL,PG,80,80,2897,16.1,0.51,0.37,0.225,2.1,7.2,4.6,29.1,2.2,0.3,12.9,23.7,3.6,2.2,5.8,0.096,1.7,-0.6,1.1,2.2
Evan Turner,24,PHI,SF,82,82,2892,12.1,0.478,0.151,0.198,2.1,18.5,10.1,19.7,1.3,0.5,14.0,21.2,-0.7,2.9,2.1,0.035,-2.2,-0.2,-2.3,-0.3
LeBron James,28,MIA,PF,76,76,2877,31.6,0.64,0.188,0.395,4.4,20.8,13.1,36.4,2.4,1.9,12.4,30.2,14.6,4.7,19.3,0.322,9.3,2.4,11.7,9.9
Russell Westbrook,24,OKC,PG,82,82,2861,23.9,0.532,0.195,0.375,4.8,11.8,8.6,38.4,2.6,0.6,13.2,32.8,7.7,3.9,11.6,0.195,4.6,-0.2,4.4,4.6
Kemba Walker,22,CHA,PG,82,82,2859,18.8,0.517,0.267,0.298,2.3,9.2,5.7,31.2,2.9,0.9,12.4,25.6,3.7,1.1,4.8,0.08,2.2,-0.8,1.4,2.4
Deron Williams,28,BRK,PG,78,78,2842,20.3,0.574,0.398,0.328,1.2,8.5,4.8,37.5,1.4,0.8,14.5,24.4,9.1,1.8,10.9,0.184,4.5,-0.7,3.8,4.2
Nicolas Batum,24,POR,SF,73,73,2807,15.7,0.566,0.533,0.252,4.0,13.2,8.5,20.3,1.7,2.2,17.0,18.2,3.8,1.9,5.8,0.099,2.3,0.5,2.8,3.4
Marc Gasol,28,MEM,C,80,80,2796,19.5,0.559,0.016,0.364,7.6,18.9,13.1,19.1,1.6,4.1,13.5,19.2,6.1,5.4,11.5,0.197,2.1,3.1,5.2,5.1
LaMarcus Aldridge,27,POR,PF,74,74,2790,20.4,0.53,0.011,0.264,7.2,20.9,14.0,13.0,1.2,2.5,8.9,26.5,4.8,2.3,7.2,0.124,1.7,-0.4,1.3,2.3
Andre Iguodala,29,DEN,SG,80,80,2779,15.2,0.52,0.327,0.307,3.4,13.5,8.5,22.4,2.5,1.5,17.1,18.8,2.4,3.2,5.6,0.097,1.2,1.4,2.6,3.3
Chandler Parsons,24,HOU,SF,76,76,2758,15.3,0.584,0.421,0.165,3.3,13.2,8.3,15.6,1.4,0.9,12.7,18.3,4.9,2.1,7.0,0.121,2.0,0.0,2.0,2.8
Mike Conley,25,MEM,PG,80,80,2757,18.3,0.549,0.312,0.3,1.8,7.9,4.8,29.5,3.4,0.7,15.1,21.0,5.1,4.7,9.9,0.172,2.3,2.3,4.6,4.6
Al Horford,26,ATL,C,74,74,2756,19.8,0.56,0.006,0.196,8.2,23.0,15.7,15.3,1.5,2.2,11.3,21.8,4.7,4.1,8.8,0.153,1.3,0.6,1.9,2.7
Dwight Howard,27,LAL,C,76,76,2722,19.4,0.573,0.007,0.887,10.4,27.4,19.1,6.6,1.6,4.9,16.6,22.2,2.8,4.8,7.6,0.134,-0.6,1.1,0.6,1.8
Greg Monroe,22,DET,C,81,81,2687,19.5,0.527,0.004,0.371,9.9,23.6,16.7,18.6,2.1,1.6,16.0,24.8,2.7,3.2,5.9,0.105,1.5,0.4,1.8,2.6
Rudy Gay,26,MEM,SF,42,42,1541,14.1,0.478,0.188,0.227,4.2,15.1,9.5,12.4,2.0,1.7,12.1,25.7,-0.2,2.6,2.4,0.075,-0.2,0.7,0.5,0.9
Rudy Gay,26,TOR,SF,33,32,1146,17.6,0.513,0.232,0.246,4.4,17.8,11.0,15.3,2.6,1.5,13.1,29.1,0.3,1.4,1.6,0.068,1.5,0.3,1.9,1.1
Greivis VÃ¡squez,26,NOH,PG,78,78,2685,16.3,0.502,0.24,0.152,1.9,13.3,7.5,44.9,1.3,0.2,18.6,23.0,3.0,0.7,3.8,0.067,1.6,-1.9,-0.4,1.1
Josh Smith,27,ATL,PF,76,76,2683,17.7,0.501,0.17,0.272,5.8,21.3,13.6,20.9,1.8,3.9,14.6,26.7,-0.3,4.5,4.2,0.075,0.3,1.5,1.8,2.5
J.R. Smith,27,NYK,SG,80,0,2678,17.6,0.522,0.349,0.249,2.7,16.3,9.3,14.5,2.0,0.8,8.8,26.5,4.0,2.7,6.7,0.12,1.6,-0.4,1.3,2.2
Joe Johnson,31,BRK,SG,72,72,2642,14.1,0.521,0.375,0.153,2.4,7.4,4.9,16.7,1.0,0.4,9.9,21.7,3.9,1.2,5.1,0.092,1.4,-1.4,0.0,1.3
Jeremy Lin,24,HOU,PG,82,82,2640,14.9,0.538,0.287,0.307,1.4,9.1,5.3,29.4,2.5,0.8,18.8,20.8,3.0,2.5,5.4,0.099,-0.1,0.4,0.3,1.5
Tayshaun Prince,32,DET,SF,45,45,1457,12.5,0.502,0.11,0.192,3.3,13.4,8.3,12.6,0.8,0.7,9.3,18.1,1.2,0.6,1.7,0.057,-0.4,-1.0,-1.4,0.2
Tayshaun Prince,32,MEM,SF,37,36,1174,10.2,0.461,0.122,0.11,2.9,12.9,7.8,11.6,1.2,0.8,9.0,15.2,0.3,1.6,1.8,0.075,-1.6,0.7,-0.9,0.3
Thaddeus Young,24,PHI,PF,76,76,2629,18.2,0.541,0.008,0.196,7.6,17.2,12.3,8.2,2.7,1.6,8.0,19.8,3.7,3.7,7.4,0.136,0.2,1.0,1.2,2.1
Jeff Teague,24,ATL,PG,80,78,2628,16.8,0.543,0.255,0.232,1.1,6.7,3.9,36.1,2.3,0.8,17.6,23.0,3.5,2.6,6.1,0.111,0.9,-0.6,0.3,1.5
George Hill,26,IND,PG,76,76,2620,16.6,0.558,0.405,0.245,2.0,9.9,6.0,23.4,1.6,0.7,10.7,18.8,5.9,3.8,9.7,0.177,2.2,1.1,3.3,3.5
Zach Randolph,31,MEM,PF,76,75,2607,17.9,0.506,0.022,0.293,13.8,25.1,19.3,7.3,1.3,1.0,11.5,23.1,3.2,4.7,7.9,0.145,1.0,-0.7,0.2,1.5
Blake Griffin,23,LAC,PF,80,80,2598,22.4,0.572,0.026,0.397,8.7,21.5,15.2,19.9,2.0,1.6,12.8,25.4,6.8,3.9,10.6,0.196,3.2,0.8,4.1,4.0
Goran DragiÄ,26,PHO,PG,77,77,2581,17.5,0.54,0.305,0.36,2.6,8.0,5.2,35.7,2.5,0.8,16.8,21.7,4.1,1.6,5.7,0.106,1.7,-0.3,1.4,2.2
Al Jefferson,28,UTA,C,78,78,2578,20.9,0.522,0.014,0.176,7.0,25.9,16.3,12.0,1.6,2.7,7.3,25.3,4.3,3.3,7.7,0.143,2.2,0.1,2.4,2.8
Paul Pierce,35,BOS,SF,77,77,2575,19.1,0.559,0.35,0.387,2.1,19.7,11.2,25.1,1.7,0.9,14.3,27.4,3.5,3.7,7.2,0.135,3.0,0.7,3.6,3.6
Tristan Thompson,21,CLE,PF,82,82,2564,16.1,0.516,0.004,0.364,13.2,22.1,17.5,6.9,1.2,2.2,11.7,18.3,3.2,2.0,5.2,0.098,-0.2,-1.6,-1.8,0.1
Nikola VuÄeviÄ,22,ORL,C,77,77,2559,17.8,0.534,0.003,0.142,12.0,28.4,20.2,9.3,1.2,2.4,13.0,19.3,2.8,2.9,5.7,0.106,0.0,-0.5,-0.5,0.9
Carlos Boozer,31,CHI,PF,79,79,2546,17.1,0.51,0.002,0.232,7.8,27.2,17.4,13.4,1.4,0.8,12.3,25.8,1.4,4.3,5.7,0.108,-0.3,0.2,-0.1,1.2
Alonzo Gee,25,CLE,SF,82,82,2541,10.5,0.505,0.294,0.276,3.3,11.7,7.3,8.2,2.2,0.9,13.7,16.9,0.5,1.5,1.9,0.036,-2.2,-0.3,-2.6,-0.4
Metta World Peace,33,LAL,SF,75,66,2530,12.5,0.517,0.5,0.205,4.5,11.5,8.1,6.9,2.5,1.2,9.8,17.5,1.9,2.6,4.6,0.086,-0.5,0.9,0.4,1.5
Ty Lawson,25,DEN,PG,73,71,2513,17.9,0.549,0.239,0.32,1.6,7.1,4.4,30.2,2.1,0.2,14.1,22.3,5.6,1.8,7.4,0.141,2.5,-0.5,2.0,2.5
Ryan Anderson,24,NOH,PF,81,22,2503,18.1,0.548,0.5,0.161,8.9,15.9,12.4,6.9,0.9,1.0,7.5,24.0,5.7,0.8,6.5,0.125,4.1,-2.1,2.0,2.5
Serge Ibaka,23,OKC,PF,80,80,2486,19.4,0.612,0.073,0.246,11.1,17.0,14.2,2.8,0.6,7.4,12.7,18.1,5.3,4.1,9.4,0.181,0.9,0.7,1.5,2.2
Carmelo Anthony,28,NYK,PF,67,67,2482,24.8,0.56,0.278,0.344,6.1,15.9,10.8,14.1,1.1,1.1,9.3,35.6,7.5,2.0,9.5,0.184,6.0,-1.7,4.3,3.9
Luke Ridnour,31,MIN,SG,82,82,2474,13.0,0.532,0.261,0.202,1.8,7.9,4.8,21.0,1.7,0.5,12.8,18.3,2.6,1.8,4.3,0.084,-1.0,0.2,-0.8,0.8
Ãmer AÅÄ±k,26,HOU,C,82,82,2464,14.9,0.558,0.002,0.487,12.8,31.0,22.0,4.6,0.9,2.7,18.8,16.3,2.0,3.5,5.5,0.108,-1.3,-0.3,-1.6,0.3
Chris Bosh,28,MIA,C,74,74,2454,20.0,0.592,0.082,0.333,7.0,17.6,12.6,8.4,1.4,3.4,11.0,22.7,5.6,3.4,9.0,0.175,1.5,-0.2,1.3,2.1
David West,32,IND,PF,73,73,2435,20.1,0.545,0.019,0.312,6.8,18.8,12.9,16.8,1.6,2.1,12.0,24.4,4.4,4.7,9.1,0.179,2.4,1.5,4.0,3.7
Joakim Noah,27,CHI,C,66,64,2426,18.1,0.534,0.008,0.376,12.2,22.6,17.3,17.6,1.7,4.4,19.3,17.2,2.7,4.7,7.3,0.145,0.6,2.7,3.4,3.3
Wesley Matthews,26,POR,SG,69,69,2403,14.1,0.574,0.526,0.231,1.7,7.6,4.6,11.8,2.0,0.6,10.9,19.1,3.6,1.0,4.7,0.093,0.7,-0.2,0.5,1.5
Dwyane Wade,31,MIA,SG,69,69,2391,24.0,0.571,0.06,0.389,4.7,12.6,8.9,26.6,2.8,1.9,13.2,29.5,6.1,3.5,9.6,0.192,3.7,0.7,4.4,3.8
JJ Redick,28,ORL,SG,50,11,1575,16.1,0.592,0.515,0.222,0.6,7.9,4.3,22.7,1.0,0.2,14.1,21.5,3.0,0.2,3.2,0.097,2.2,-1.8,0.4,0.9
JJ Redick,28,MIL,SG,28,2,804,11.9,0.529,0.507,0.205,1.0,6.1,3.5,14.8,0.6,0.4,9.2,19.4,1.0,0.3,1.3,0.078,-0.5,-1.5,-2.0,0.0
Paul Millsap,27,UTA,PF,78,78,2375,19.8,0.55,0.045,0.407,8.6,18.8,13.7,14.5,2.3,2.7,11.8,22.4,4.8,2.9,7.6,0.154,1.7,1.0,2.7,2.8
Darren Collison,25,DAL,PG,81,47,2372,16.3,0.575,0.188,0.38,1.5,8.7,5.1,26.8,2.2,0.3,17.0,19.6,4.0,1.7,5.6,0.114,0.4,-0.3,0.1,1.3
Brandon Knight,21,DET,PG,75,75,2365,12.0,0.511,0.372,0.256,2.6,9.6,6.0,21.3,1.3,0.3,17.3,22.8,0.3,0.8,1.1,0.022,-0.9,-1.9,-2.8,-0.5
Jarrett Jack,29,GSW,SG,79,4,2349,15.9,0.542,0.237,0.231,1.0,10.1,5.7,29.9,1.3,0.4,14.3,21.0,3.9,1.8,5.6,0.115,1.1,-0.6,0.5,1.4
Chris Paul,27,LAC,PG,70,70,2335,26.4,0.594,0.271,0.377,2.8,10.5,6.7,46.5,3.8,0.4,13.7,22.6,10.6,3.4,13.9,0.287,6.4,2.4,8.8,6.4
Amir Johnson,25,TOR,PF,81,38,2325,17.3,0.591,0.021,0.309,11.4,20.0,15.6,8.7,1.8,3.8,14.5,16.1,4.4,2.9,7.3,0.151,0.0,1.0,1.0,1.8
J.J. Hickson,24,POR,C,80,80,2323,19.7,0.591,0.003,0.36,13.2,28.5,20.7,6.6,1.1,1.7,14.4,19.9,4.6,2.3,6.9,0.142,1.3,-1.1,0.2,1.3
Raymond Felton,28,NYK,PG,68,68,2313,15.2,0.505,0.293,0.145,2.5,7.5,4.9,27.0,2.2,0.5,14.2,22.1,2.5,1.7,4.2,0.087,0.9,-0.8,0.1,1.2
Danilo Gallinari,24,DEN,SF,71,71,2309,16.7,0.561,0.416,0.4,3.2,14.4,8.9,11.2,1.4,1.2,9.8,21.3,5.2,2.0,7.2,0.151,2.9,-0.1,2.8,2.8
Arron Afflalo,27,ORL,SF,64,64,2307,13.0,0.527,0.265,0.246,1.4,10.3,5.8,14.6,0.9,0.4,12.1,22.5,1.5,0.5,2.0,0.042,-1.1,-1.8,-2.9,-0.5
Kyle Singler,24,DET,SF,82,74,2293,10.0,0.517,0.312,0.193,5.4,11.3,8.3,5.3,1.3,1.3,12.3,15.8,1.1,1.2,2.3,0.048,-2.2,-0.8,-3.0,-0.6
DeMarcus Cousins,22,SAC,C,75,74,2289,20.2,0.524,0.021,0.408,10.9,27.0,18.7,15.3,2.4,1.9,15.5,28.1,2.0,2.3,4.4,0.092,0.7,-0.5,0.2,1.2
Jason Thompson,26,SAC,PF,82,81,2285,14.6,0.533,0.004,0.277,8.4,19.5,13.8,6.0,1.1,2.1,10.8,18.2,2.7,0.9,3.6,0.075,-1.0,-1.6,-2.6,-0.3
Lance Stephenson,22,IND,SG,78,72,2278,11.8,0.53,0.314,0.192,2.3,12.3,7.4,16.2,1.9,0.5,14.4,15.2,1.8,3.6,5.5,0.115,-1.7,1.7,0.0,1.2
John Salmons,33,SAC,SF,76,72,2278,10.2,0.509,0.436,0.18,1.6,9.0,5.2,14.8,1.1,0.9,11.4,14.5,1.8,-0.1,1.6,0.034,-1.1,-1.5,-2.5,-0.3
Roy Hibbert,26,IND,C,79,79,2269,17.3,0.489,0.005,0.261,14.8,17.4,16.1,8.9,0.9,6.7,14.5,22.5,1.3,4.9,6.1,0.129,-1.7,1.4,-0.3,0.9
Kyle Korver,31,ATL,SF,74,60,2259,13.9,0.637,0.689,0.13,1.2,13.5,7.4,9.9,1.6,1.3,9.9,14.5,4.0,2.5,6.4,0.137,1.1,0.7,1.8,2.2
Brook Lopez,24,BRK,C,74,74,2253,24.7,0.567,0.001,0.358,10.8,16.1,13.4,6.4,0.8,5.2,9.4,28.6,6.4,2.6,9.0,0.191,3.4,-0.2,3.2,3.0
Jeff Green,26,BOS,PF,81,17,2252,15.0,0.561,0.226,0.329,3.0,13.4,8.3,9.6,1.3,2.4,12.5,22.2,1.9,2.8,4.7,0.099,-0.2,-0.1,-0.3,1.0
Randy Foye,29,UTA,SG,82,72,2249,11.7,0.55,0.588,0.195,0.9,5.8,3.3,11.7,1.5,0.9,10.3,18.1,2.8,0.9,3.7,0.08,0.1,-0.7,-0.6,0.8
Kenneth Faried,23,DEN,PF,80,80,2248,18.5,0.573,0.0,0.386,13.2,23.2,18.3,5.1,1.8,2.9,12.3,17.7,4.5,3.4,7.8,0.167,0.9,0.2,1.1,1.7
Brandon Bass,27,BOS,PF,81,69,2239,12.3,0.535,0.003,0.255,7.0,15.2,11.2,6.0,1.0,2.3,10.9,15.5,2.0,2.7,4.7,0.101,-1.9,0.0,-1.9,0.1
Spencer Hawes,24,PHI,C,82,40,2233,16.0,0.514,0.107,0.194,8.5,21.7,14.9,13.5,0.6,3.9,13.0,20.9,1.7,2.8,4.5,0.096,-1.1,0.6,-0.5,0.9
Jamal Crawford,32,LAC,SG,76,0,2230,16.8,0.558,0.39,0.244,1.2,5.6,3.4,14.4,1.9,0.5,11.5,26.0,3.7,1.7,5.4,0.116,2.3,-1.3,1.0,1.7
Thabo Sefolosha,28,OKC,SG,81,81,2229,12.8,0.617,0.554,0.148,3.2,12.4,8.2,8.2,2.4,1.5,11.4,11.4,3.6,3.1,6.8,0.146,0.6,1.8,2.4,2.5
Danny Green,25,SAS,SG,80,80,2201,14.1,0.6,0.623,0.119,2.0,10.3,6.4,9.5,2.1,1.8,11.9,16.6,2.6,3.2,5.9,0.128,1.4,1.4,2.8,2.7
Martell Webster,26,WAS,SF,76,62,2200,13.9,0.601,0.517,0.311,2.7,12.2,7.4,10.7,1.2,0.6,11.1,16.9,3.9,2.4,6.3,0.138,0.5,0.3,0.8,1.6
Bismack Biyombo,20,CHA,C,80,65,2186,10.1,0.472,0.0,0.41,9.9,20.9,15.2,2.5,0.7,5.3,16.7,10.2,0.1,1.3,1.4,0.031,-3.6,-0.8,-4.4,-1.3
Luis Scola,32,PHO,PF,82,67,2184,16.7,0.516,0.017,0.251,8.1,20.4,14.1,14.5,1.6,1.2,11.0,23.3,2.4,1.9,4.4,0.096,-0.3,-0.2,-0.5,0.8
Tony Parker,30,SAS,PG,66,66,2174,23.0,0.588,0.068,0.332,1.0,9.1,5.3,40.4,1.3,0.2,13.0,27.7,7.1,2.3,9.3,0.206,4.1,-0.5,3.6,3.1
Rodney Stuckey,26,DET,SG,76,24,2171,13.0,0.505,0.243,0.364,2.2,9.1,5.6,20.3,1.2,0.6,13.4,21.0,1.7,0.8,2.5,0.055,-0.6,-1.3,-1.8,0.1
Jared Dudley,27,PHO,SF,79,50,2170,14.9,0.582,0.405,0.242,4.1,8.9,6.4,14.9,1.8,0.3,12.0,17.2,3.9,0.9,4.8,0.106,1.0,-0.4,0.6,1.5
Tyson Chandler,30,NYK,C,66,66,2164,18.9,0.671,0.0,0.645,14.1,24.3,19.0,4.5,1.0,3.0,14.5,13.0,6.7,2.6,9.3,0.207,1.5,-0.3,1.3,1.8
JosÃ© CalderÃ³n,31,TOR,PG,45,30,1273,19.2,0.594,0.462,0.131,1.3,8.7,5.0,43.7,1.2,0.4,15.1,18.1,4.0,0.5,4.4,0.167,5.0,-1.4,3.6,1.8
JosÃ© CalderÃ³n,31,DET,PG,28,28,887,18.2,0.654,0.414,0.118,0.8,8.5,4.5,34.1,1.8,0.2,17.0,15.4,2.6,0.4,3.0,0.163,3.3,-0.8,2.5,1.0
Andre Miller,36,DEN,PG,82,11,2151,15.7,0.548,0.101,0.307,3.2,9.1,6.2,32.2,1.7,0.4,19.3,17.9,3.9,1.5,5.4,0.12,1.1,-0.2,0.9,1.6
Robin Lopez,24,NOH,C,82,82,2136,18.9,0.573,0.0,0.288,12.4,13.4,12.9,5.3,0.8,5.0,12.0,20.0,4.4,1.2,5.6,0.126,1.3,-0.7,0.6,1.4
Kevin Martin,29,OKC,SG,77,0,2136,16.0,0.608,0.477,0.316,1.8,7.4,4.8,7.9,1.7,0.3,10.2,21.0,5.0,2.0,7.0,0.157,1.7,-0.7,1.0,1.6
Jimmy Butler,23,CHI,SF,82,20,2134,15.2,0.574,0.205,0.455,7.2,10.4,8.8,8.6,2.0,1.1,9.2,14.6,4.4,2.6,7.0,0.158,1.0,1.0,2.0,2.1
Gerald Henderson,25,CHA,SG,68,58,2133,16.4,0.531,0.117,0.366,2.9,10.8,6.7,15.6,1.7,1.3,9.8,23.5,2.9,0.3,3.3,0.073,0.3,-1.4,-1.1,0.5
Jason Terry,35,BOS,SG,79,24,2124,12.8,0.566,0.511,0.202,1.1,7.6,4.4,14.9,1.6,0.4,12.6,18.0,2.1,1.9,4.0,0.091,0.0,-0.2,-0.2,1.0
Isaiah Thomas,23,SAC,PG,79,62,2122,17.5,0.574,0.386,0.345,1.5,7.3,4.4,24.6,1.6,0.1,12.7,23.0,5.2,-0.1,5.0,0.114,2.5,-2.0,0.5,1.3
Tony Allen,31,MEM,SG,79,79,2109,13.2,0.489,0.038,0.293,6.6,13.8,10.2,7.6,3.1,1.7,11.5,17.8,1.0,4.1,5.1,0.115,-2.0,2.4,0.4,1.2
Gordon Hayward,22,UTA,SF,72,27,2104,16.8,0.564,0.318,0.38,2.8,9.8,6.3,16.7,1.5,1.4,11.7,22.1,4.2,1.2,5.4,0.123,2.5,-0.5,2.0,2.1
Vince Carter,36,DAL,SF,81,3,2093,17.8,0.571,0.467,0.261,3.1,14.4,8.9,15.0,1.8,1.6,10.0,23.1,3.9,2.0,6.0,0.137,2.7,0.3,3.1,2.6
Nate Robinson,28,CHI,PG,82,23,2086,17.4,0.54,0.378,0.183,1.6,8.6,5.1,31.4,2.2,0.4,12.6,25.1,3.5,2.4,5.9,0.136,2.5,0.3,2.8,2.5
Tim Duncan,36,SAS,C,69,69,2078,24.4,0.554,0.007,0.307,7.3,29.6,19.1,15.5,1.2,6.4,11.7,27.8,3.4,4.9,8.3,0.191,2.4,2.9,5.3,3.8
Gerald Wallace,30,BRK,SF,69,68,2076,11.6,0.49,0.356,0.415,3.9,14.3,9.1,13.3,2.5,1.7,16.9,14.5,0.6,2.5,3.1,0.072,-1.2,1.8,0.7,1.3
Mario Chalmers,26,MIA,PG,77,77,2068,13.3,0.576,0.569,0.212,1.2,8.6,5.1,19.4,3.0,0.5,17.1,16.1,2.6,2.5,5.2,0.12,-0.5,0.9,0.4,1.3
Al-Farouq Aminu,22,NOH,SF,76,71,2066,13.7,0.519,0.04,0.289,7.9,26.2,16.9,7.8,2.4,2.1,17.8,14.6,0.7,2.4,3.1,0.073,-1.3,1.2,-0.1,1.0
Harrison Barnes,20,GSW,SF,81,81,2058,11.0,0.526,0.231,0.303,2.9,14.5,8.9,7.3,1.3,0.5,12.4,17.7,0.9,1.9,2.8,0.065,-1.6,-0.1,-1.7,0.1
Matt Barnes,32,LAC,SF,80,4,2058,15.5,0.566,0.481,0.173,6.5,14.5,10.6,9.2,2.1,2.6,11.0,18.1,3.5,2.8,6.3,0.146,1.1,0.7,1.8,2.0
Emeka Okafor,30,WAS,C,79,77,2052,15.8,0.496,0.0,0.278,10.7,26.8,18.7,7.9,1.1,3.0,12.2,19.5,0.7,3.7,4.5,0.104,-1.0,0.3,-0.7,0.7
Kyrie Irving,20,CLE,PG,59,59,2048,21.4,0.553,0.261,0.271,1.8,10.8,6.1,32.7,2.3,0.8,13.8,30.2,4.2,1.1,5.3,0.125,4.3,-0.7,3.7,3.0
Jason Kidd,39,NYK,SG,76,48,2043,13.5,0.532,0.795,0.117,2.8,16.2,9.3,17.8,3.3,1.1,15.0,11.6,2.6,2.8,5.4,0.128,0.6,2.7,3.3,2.7
Ray Allen,37,MIA,SG,79,0,2035,14.7,0.599,0.51,0.243,2.6,10.1,6.6,10.2,1.7,0.6,12.5,19.3,3.4,1.9,5.4,0.126,1.1,-0.8,0.3,1.2
Andrei Kirilenko,31,MIN,SF,64,64,2034,17.6,0.59,0.214,0.446,5.6,15.1,10.2,14.4,2.4,2.4,15.1,17.4,3.4,2.6,6.0,0.142,1.8,1.8,3.5,2.9
Tyler Zeller,23,CLE,C,77,55,2033,11.0,0.486,0.007,0.281,8.7,16.7,12.5,7.4,0.9,2.8,13.1,15.9,0.8,1.2,2.0,0.048,-3.1,-0.9,-4.0,-1.0
Michael Kidd-Gilchrist,19,CHA,SF,78,77,2025,14.0,0.506,0.015,0.305,7.2,18.9,12.9,10.1,1.4,2.8,12.7,17.9,1.1,1.0,2.1,0.051,-1.6,-0.9,-2.6,-0.3
Kevin Garnett,36,BOS,C,68,68,2022,19.2,0.535,0.019,0.236,4.5,25.8,15.5,14.4,2.0,2.4,10.5,24.5,1.8,3.8,5.6,0.133,0.9,1.7,2.6,2.3
Kyle Lowry,26,TOR,PG,68,52,2020,17.5,0.543,0.448,0.384,3.2,15.9,9.5,34.6,2.5,1.0,17.7,20.3,3.5,2.1,5.6,0.133,2.0,0.9,2.9,2.5
Tyreke Evans,23,SAC,SG,65,61,2016,18.1,0.558,0.174,0.354,3.1,13.5,8.2,19.0,2.3,1.0,12.6,22.3,3.6,0.8,4.4,0.105,2.0,-0.2,1.8,1.9
Ersan Ä°lyasova,25,MIL,PF,73,54,2012,18.3,0.552,0.267,0.196,7.9,20.3,13.9,9.6,1.7,1.3,7.9,20.5,4.1,2.5,6.7,0.159,2.0,0.0,2.0,2.0
DeAndre Jordan,24,LAC,C,82,82,2010,17.2,0.606,0.0,0.51,12.7,22.4,17.6,2.2,1.3,4.7,14.3,15.9,3.0,3.2,6.2,0.148,-0.1,-0.2,-0.2,0.9
Dante Cunningham,25,MIN,PF,80,9,2010,13.3,0.485,0.009,0.154,7.8,15.6,11.6,5.7,2.2,1.5,7.3,17.2,1.1,2.4,3.5,0.084,-1.8,0.4,-1.4,0.3
Shawn Marion,34,DAL,PF,67,67,2010,18.0,0.553,0.106,0.146,8.2,20.6,14.5,13.1,1.9,1.8,12.3,19.0,2.9,2.5,5.3,0.127,1.6,0.6,2.2,2.1
Corey Brewer,26,DEN,SF,82,2,2003,14.7,0.506,0.348,0.245,3.1,9.9,6.6,9.5,3.0,0.9,9.4,23.4,1.7,2.2,3.9,0.093,-0.2,0.6,0.4,1.2
Tiago Splitter,28,SAS,PF,81,58,1997,18.7,0.609,0.004,0.506,8.8,20.3,14.9,10.0,1.6,2.3,12.7,18.2,4.7,3.5,8.2,0.197,0.8,1.3,2.2,2.1
Jameer Nelson,30,ORL,PG,56,56,1977,14.4,0.498,0.455,0.131,1.3,10.6,6.0,33.3,1.9,0.2,15.7,22.5,1.1,1.0,2.1,0.05,0.1,-1.3,-1.2,0.4
Maurice Harkless,19,ORL,SF,76,59,1974,12.5,0.504,0.207,0.227,7.0,12.2,9.6,3.9,2.3,2.4,10.0,15.9,0.7,1.7,2.4,0.059,-1.6,0.3,-1.3,0.4
Reggie Evans,32,BRK,PF,80,56,1967,12.8,0.506,0.0,0.851,15.5,38.0,26.7,3.2,2.0,0.5,23.6,11.0,0.8,3.5,4.3,0.105,-1.7,0.0,-1.7,0.1
Nikola PekoviÄ,27,MIN,C,62,62,1959,20.2,0.572,0.0,0.437,13.0,19.0,15.9,4.9,1.1,2.0,10.3,22.5,4.6,2.1,6.7,0.163,1.7,-1.2,0.5,1.2
Kendrick Perkins,28,OKC,C,78,78,1954,8.2,0.479,0.003,0.23,7.0,19.5,13.7,7.9,1.1,3.2,24.0,10.6,-0.5,3.0,2.5,0.062,-3.2,1.4,-1.8,0.1
Mike Dunleavy,32,MIL,SF,75,3,1943,13.6,0.577,0.479,0.205,1.7,14.9,8.0,11.5,1.0,1.3,11.7,17.3,2.7,1.7,4.4,0.109,0.5,-0.2,0.4,1.2
Courtney Lee,27,BOS,SG,78,39,1941,11.7,0.545,0.294,0.136,1.9,9.4,5.8,11.7,2.4,0.9,13.0,15.7,0.9,2.4,3.3,0.082,-1.8,1.2,-0.5,0.7
Larry Sanders,24,MIL,C,71,55,1937,18.7,0.523,0.003,0.225,12.0,25.8,18.6,6.8,1.4,7.6,11.6,16.9,2.3,3.7,6.0,0.149,-1.1,2.0,1.0,1.5
Derrick Williams,21,MIN,PF,78,56,1916,14.5,0.515,0.249,0.346,5.6,20.6,12.8,4.2,1.2,1.5,10.0,23.5,1.0,2.1,3.0,0.076,-0.5,-1.0,-1.5,0.2
P.J. Tucker,27,PHO,SG,79,45,1910,11.6,0.525,0.158,0.194,7.7,13.3,10.4,8.6,1.7,0.7,12.2,12.8,1.8,1.2,2.9,0.074,-1.3,-0.1,-1.5,0.2
Marco Belinelli,26,CHI,SG,73,27,1882,10.4,0.513,0.362,0.275,0.8,7.8,4.3,12.9,1.3,0.2,10.7,18.7,1.3,1.6,3.0,0.076,-1.9,-0.4,-2.3,-0.1
Caron Butler,32,LAC,SF,78,78,1879,12.4,0.535,0.458,0.125,2.6,11.4,7.1,6.5,1.4,0.5,8.7,20.2,1.9,1.6,3.6,0.091,-0.1,-1.2,-1.3,0.3
Carl Landry,29,GSW,PF,81,2,1876,17.5,0.605,0.005,0.453,10.9,17.3,14.2,5.6,0.9,1.3,13.7,20.0,4.3,1.9,6.2,0.159,0.5,-0.7,-0.2,0.8
Marcin Gortat,28,PHO,C,61,61,1876,15.4,0.543,0.005,0.244,7.6,24.0,15.6,6.5,1.1,3.9,13.6,17.2,1.3,2.1,3.4,0.086,-0.8,0.3,-0.5,0.7
Anthony Davis,19,NOH,PF,64,60,1846,21.7,0.559,0.009,0.333,10.5,23.5,16.8,6.1,2.2,5.1,10.3,21.8,3.7,2.4,6.1,0.159,1.8,0.7,2.5,2.1
Alexey Shved,24,MIN,SG,77,16,1840,11.0,0.474,0.454,0.236,2.5,8.6,5.4,25.2,1.5,1.1,17.3,20.6,-0.6,1.4,0.8,0.02,-1.1,-0.6,-1.7,0.1
Markieff Morris,23,PHO,PF,82,32,1837,12.6,0.473,0.205,0.194,7.9,16.7,12.3,9.4,2.2,2.6,12.8,19.7,-0.2,1.9,1.7,0.044,-2.2,0.2,-1.9,0.0
Kosta Koufos,23,DEN,C,81,81,1817,17.2,0.585,0.002,0.205,13.3,21.2,17.3,2.6,1.2,4.4,8.7,14.5,3.9,2.5,6.5,0.171,0.2,0.4,0.6,1.2
Kawhi Leonard,21,SAS,SF,58,57,1810,16.4,0.592,0.331,0.24,4.3,17.1,11.1,7.7,2.7,1.3,9.6,16.4,3.0,3.3,6.2,0.166,1.1,2.0,3.1,2.3
Jason Maxiell,29,DET,PF,72,71,1789,11.3,0.478,0.0,0.317,8.5,18.0,13.2,4.7,0.9,4.2,13.5,15.3,0.1,1.7,1.8,0.047,-3.3,-0.1,-3.4,-0.6
Derrick Favors,21,UTA,PF,77,8,1787,17.5,0.533,0.009,0.458,11.9,24.0,17.9,6.8,2.0,5.7,15.9,20.6,1.5,2.9,4.4,0.117,-1.6,1.1,-0.5,0.7
Shane Battier,34,MIA,SF,72,20,1786,10.7,0.623,0.873,0.105,2.7,8.4,5.7,5.7,1.2,2.5,8.2,11.0,2.8,1.6,4.4,0.119,0.9,0.1,1.0,1.4
Dorell Wright,27,PHI,SF,79,8,1783,16.0,0.551,0.603,0.235,2.6,17.0,9.6,13.1,1.8,1.5,8.8,18.7,2.8,2.1,4.9,0.132,1.9,0.6,2.6,2.1
Patrick Patterson,23,HOU,PF,47,38,1219,15.5,0.571,0.211,0.108,6.9,13.6,10.3,7.0,0.7,1.7,8.1,18.6,2.2,0.8,3.0,0.12,1.1,-0.9,0.2,0.7
Patrick Patterson,23,SAC,PF,24,3,556,14.5,0.554,0.214,0.083,8.1,16.1,12.0,8.6,1.2,1.8,9.8,15.4,0.9,0.2,1.0,0.09,0.5,-1.1,-0.6,0.2
Jerryd Bayless,24,MEM,PG,80,4,1765,13.5,0.514,0.324,0.196,1.4,10.5,5.9,24.9,1.8,0.8,15.1,20.8,1.5,2.5,4.0,0.108,-0.6,0.7,0.1,1.0
Kirk Hinrich,32,CHI,PG,60,60,1764,10.8,0.493,0.431,0.232,1.0,9.3,5.1,27.5,1.9,1.1,17.5,14.7,1.0,2.1,3.1,0.085,-2.0,1.2,-0.9,0.5
Dion Waiters,21,CLE,SG,61,48,1756,13.7,0.492,0.249,0.261,1.4,8.8,4.9,18.4,1.7,0.7,11.8,26.1,0.3,0.6,0.9,0.026,-0.4,-1.8,-2.1,-0.1
Bradley Beal,19,WAS,SG,56,46,1745,13.6,0.515,0.344,0.231,2.7,10.8,6.7,13.7,1.5,1.3,10.6,22.2,1.0,2.0,3.0,0.082,0.0,0.2,0.2,1.0
Marvin Williams,26,UTA,SF,73,51,1727,10.9,0.515,0.353,0.211,3.7,14.3,8.9,6.9,1.1,1.7,10.5,15.1,1.1,1.1,2.3,0.063,-0.8,-0.4,-1.2,0.4
Marcus Thornton,25,SAC,SG,72,8,1726,16.3,0.552,0.49,0.163,3.2,9.0,6.0,9.0,1.8,0.2,7.6,23.1,3.1,0.1,3.2,0.089,2.3,-2.0,0.3,1.0
Kevin SÃ©raphin,23,WAS,C,79,8,1721,10.3,0.478,0.0,0.123,6.8,15.5,11.1,6.1,0.7,2.7,14.7,23.5,-2.1,2.2,0.1,0.004,-4.9,-0.7,-5.5,-1.5
J.J. Barea,28,MIN,PG,74,2,1713,14.1,0.51,0.369,0.177,2.2,11.9,6.9,30.6,1.0,0.0,15.1,25.1,0.8,1.0,1.9,0.053,0.7,-1.3,-0.6,0.6
Boris Diaw,30,SAS,PF,75,20,1709,11.9,0.603,0.235,0.196,4.7,12.0,8.6,15.0,1.6,1.1,18.9,12.0,2.2,2.3,4.4,0.124,-0.7,1.5,0.8,1.2
Jordan Crawford,24,WAS,SG,43,12,1127,14.7,0.512,0.337,0.209,3.0,10.3,6.6,25.5,1.2,0.4,14.9,26.4,0.2,1.1,1.4,0.058,1.3,-0.8,0.5,0.7
Jordan Crawford,24,BOS,SG,27,2,582,12.0,0.512,0.346,0.244,2.7,12.0,7.5,19.4,1.1,0.3,15.5,23.1,0.0,0.5,0.5,0.041,-1.7,-1.8,-3.6,-0.2
Ricky Rubio,22,MIN,PG,57,47,1691,16.2,0.482,0.179,0.514,2.9,12.9,7.7,38.8,4.2,0.2,21.4,21.2,0.4,2.6,3.0,0.085,-0.8,1.9,1.1,1.3
Carlos Delfino,30,HOU,SF,67,5,1689,13.3,0.549,0.679,0.09,1.2,13.4,7.4,12.5,2.0,0.4,10.0,18.6,2.0,1.5,3.5,0.101,1.1,0.3,1.4,1.5
E'Twaun Moore,23,ORL,SG,75,21,1682,10.7,0.471,0.329,0.099,3.2,8.0,5.6,19.1,1.6,1.1,14.4,19.7,-0.4,0.7,0.2,0.006,-1.6,-0.7,-2.3,-0.1
Lavoy Allen,23,PHI,C,79,37,1669,11.5,0.474,0.002,0.132,10.5,16.5,13.4,6.7,0.8,2.6,10.3,14.8,0.9,1.6,2.5,0.072,-3.0,-0.3,-3.3,-0.6
Jodie Meeks,25,LAL,SG,78,10,1663,11.4,0.54,0.645,0.181,2.5,8.7,5.7,6.4,1.8,0.2,8.3,16.7,1.9,1.1,3.0,0.085,-0.7,-0.3,-1.0,0.4
Dirk Nowitzki,34,DAL,PF,53,47,1661,19.8,0.564,0.216,0.265,2.5,21.5,12.2,13.5,1.2,1.7,7.9,24.2,3.3,1.8,5.0,0.145,3.0,0.1,3.1,2.2
Wayne Ellington,25,MEM,SG,40,4,676,9.8,0.529,0.487,0.08,0.9,8.4,4.5,9.9,1.3,0.1,10.4,15.7,0.6,0.8,1.3,0.094,-1.1,0.5,-0.6,0.2
Wayne Ellington,25,CLE,SG,38,17,985,13.9,0.556,0.433,0.179,2.2,11.6,6.7,10.3,1.5,0.2,8.5,17.6,1.6,0.3,1.9,0.093,0.7,-1.2,-0.5,0.4
NenÃª,30,WAS,PF,61,49,1659,17.0,0.538,0.002,0.453,6.7,20.6,13.6,19.0,1.7,1.8,16.3,23.4,1.3,2.7,4.0,0.116,-0.4,1.7,1.3,1.3
Pau Gasol,32,LAL,PF,49,42,1655,16.7,0.512,0.048,0.307,7.6,20.1,14.0,19.9,0.7,2.7,13.7,20.5,2.0,1.7,3.7,0.107,1.1,0.9,2.0,1.7
Ramon Sessions,26,CHA,SG,61,0,1652,17.7,0.529,0.158,0.513,1.8,10.1,5.9,25.5,1.5,0.3,11.2,25.7,2.9,0.0,2.9,0.084,1.6,-2.0,-0.4,0.7
Steve Novak,29,NYK,SF,81,1,1641,11.3,0.602,0.816,0.077,1.2,10.0,5.4,3.3,0.9,0.4,2.6,13.0,3.2,0.8,4.0,0.116,1.0,-1.0,0.1,0.9
Antawn Jamison,36,LAL,PF,76,6,1636,15.3,0.561,0.405,0.237,7.5,16.6,12.2,5.0,0.9,1.0,7.7,18.7,3.0,1.3,4.3,0.126,1.0,-1.1,-0.1,0.8
Ed Davis,23,TOR,C,45,24,1087,18.1,0.57,0.0,0.301,10.2,22.8,16.4,8.8,1.2,2.8,10.5,18.3,2.1,1.2,3.3,0.147,0.7,-0.3,0.4,0.6
Ed Davis,23,MEM,PF,36,4,544,17.2,0.539,0.0,0.455,12.1,22.8,17.4,2.4,1.3,7.1,9.5,16.1,0.8,1.2,2.1,0.183,-2.0,1.9,-0.1,0.3
Steve Nash,38,LAL,PG,50,50,1627,16.0,0.605,0.274,0.244,1.8,7.7,4.8,32.8,0.9,0.2,19.3,17.8,3.7,0.6,4.3,0.127,1.8,-1.4,0.4,1.0
Lamar Odom,33,LAC,PF,82,2,1616,10.9,0.429,0.246,0.115,8.8,26.3,17.7,12.4,2.2,3.0,18.3,13.3,-0.3,3.0,2.7,0.081,-2.8,2.1,-0.7,0.6
John Wall,22,WAS,PG,49,42,1602,20.8,0.521,0.061,0.416,2.4,11.2,6.8,43.9,2.1,1.8,15.3,29.3,2.2,2.2,4.5,0.134,2.7,1.1,3.9,2.4
Norris Cole,24,MIA,PG,80,4,1590,7.9,0.483,0.231,0.188,1.5,8.2,5.0,15.2,1.9,0.4,18.4,17.0,-0.8,1.4,0.6,0.019,-4.3,-0.6,-4.9,-1.2
Nick Collison,32,OKC,C,81,2,1583,13.6,0.624,0.014,0.264,9.6,14.2,12.1,11.3,1.7,1.4,17.3,11.5,3.2,2.1,5.2,0.158,-0.2,1.1,0.9,1.2
Ben Gordon,29,CHA,SG,75,0,1560,12.7,0.515,0.384,0.167,1.3,8.5,4.8,17.6,1.2,0.8,14.3,27.8,-0.4,-0.2,-0.6,-0.018,-0.2,-3.2,-3.4,-0.6
Andray Blatche,26,BRK,C,82,8,1555,21.9,0.547,0.033,0.32,12.2,19.6,15.8,10.5,3.0,2.7,13.8,26.5,2.4,2.5,4.9,0.153,1.3,0.9,2.2,1.6
Michael Beasley,24,PHO,SF,75,20,1554,10.8,0.462,0.188,0.164,3.7,17.2,10.3,12.5,1.0,1.6,14.9,27.6,-2.5,1.0,-1.5,-0.047,-2.7,-2.0,-4.7,-1.1
Eric Bledsoe,23,LAC,PG,76,12,1553,17.5,0.513,0.137,0.236,6.1,11.1,8.6,23.5,3.7,3.0,17.9,22.5,1.1,2.6,3.7,0.115,1.3,2.2,3.5,2.2
Elton Brand,33,DAL,C,72,18,1527,15.2,0.499,0.002,0.195,9.7,21.5,15.7,7.1,1.7,4.6,9.9,17.2,1.2,2.2,3.4,0.107,-1.7,0.9,-0.9,0.4
Marcus Morris,23,HOU,PF,54,17,1154,12.1,0.537,0.485,0.188,6.3,15.2,10.8,6.3,1.2,1.1,10.9,18.4,1.1,0.9,2.0,0.084,-0.3,-0.8,-1.2,0.2
Marcus Morris,23,PHO,SF,23,6,370,8.6,0.453,0.31,0.333,5.1,12.9,8.9,6.4,2.5,0.8,14.2,20.2,-0.5,0.3,-0.2,-0.022,-3.9,-0.5,-4.4,-0.2
C.J. Watson,28,BRK,PG,80,8,1521,13.9,0.544,0.466,0.198,2.9,8.4,5.6,17.2,2.3,0.6,12.1,17.2,2.5,1.3,3.8,0.12,0.3,0.6,0.9,1.1
Jeff Taylor,23,CHA,SF,77,29,1507,10.3,0.531,0.386,0.258,3.8,7.7,5.7,7.0,1.6,0.8,9.7,14.9,1.2,0.0,1.2,0.039,-2.1,-1.5,-3.6,-0.6
Alan Anderson,30,TOR,SF,65,2,1495,12.6,0.509,0.463,0.239,2.7,9.2,5.9,11.7,1.7,0.4,10.5,23.6,0.8,0.8,1.6,0.052,-0.5,-1.3,-1.8,0.1
Josh McRoberts,25,ORL,PF,41,3,685,10.2,0.478,0.359,0.196,6.7,15.8,11.3,14.7,0.8,1.4,14.4,12.9,0.4,0.3,0.7,0.051,-1.9,0.0,-1.9,0.0
Josh McRoberts,25,CHA,PF,26,19,802,14.8,0.565,0.153,0.289,7.2,20.0,13.4,14.9,1.4,1.5,15.1,14.3,1.1,0.4,1.5,0.09,-0.4,-0.4,-0.9,0.2
Gary Neal,28,SAS,SG,68,17,1484,11.5,0.512,0.42,0.124,1.1,9.6,5.6,13.5,1.0,0.1,9.9,21.7,0.4,1.5,1.9,0.06,-1.2,-0.9,-2.0,0.0
Jonas ValanÄiÅ«nas,20,TOR,C,62,57,1482,15.6,0.619,0.0,0.505,9.6,20.5,14.9,5.0,0.6,4.2,17.4,16.9,2.5,1.5,3.9,0.127,-1.1,0.0,-1.2,0.3
Trevor Ariza,27,WAS,SF,56,15,1471,14.0,0.538,0.463,0.211,3.3,16.9,10.0,12.7,2.5,1.1,14.6,17.9,0.7,2.4,3.1,0.102,0.1,2.0,2.1,1.6
Taj Gibson,27,CHI,PF,65,5,1459,14.4,0.518,0.009,0.297,9.7,17.5,13.6,7.1,1.0,4.7,13.2,18.1,1.0,2.3,3.3,0.109,-2.1,1.0,-1.1,0.3
Beno Udrih,30,MIL,SG,39,0,719,13.6,0.521,0.206,0.139,2.5,9.5,5.8,30.4,1.1,0.2,17.3,18.5,0.6,0.4,1.1,0.07,-0.4,-1.1,-1.4,0.1
Beno Udrih,30,ORL,PG,27,9,738,14.9,0.512,0.223,0.294,2.6,7.0,4.8,34.2,1.8,0.1,17.0,20.0,0.9,0.2,1.1,0.073,0.4,-1.8,-1.3,0.1
Shaun Livingston,27,WAS,PG,17,4,320,7.4,0.434,0.045,0.227,0.7,12.2,6.4,18.1,1.8,0.5,19.0,12.8,-0.2,0.4,0.2,0.028,-5.4,1.6,-3.9,-0.1
Shaun Livingston,27,CLE,PG,49,12,1135,14.6,0.559,0.004,0.296,2.8,9.8,6.2,24.6,1.7,2.1,15.7,14.7,1.9,0.6,2.4,0.102,-0.3,0.1,-0.2,0.5
Avery Bradley,22,BOS,PG,50,50,1435,8.8,0.461,0.264,0.103,2.5,6.5,4.6,11.6,2.3,1.0,12.6,18.8,-1.3,1.6,0.4,0.012,-4.0,0.3,-3.7,-0.6
JaVale McGee,25,DEN,C,79,0,1433,20.7,0.589,0.002,0.353,12.6,17.1,14.9,2.7,1.1,8.5,12.9,21.1,2.7,2.2,4.9,0.163,0.4,1.2,1.6,1.3
Byron Mullens,23,CHA,PF,53,41,1428,12.3,0.465,0.369,0.176,5.5,22.0,13.5,10.1,1.2,1.8,10.9,21.7,-0.6,0.7,0.1,0.005,-1.4,-2.0,-3.4,-0.5
Rajon Rondo,26,BOS,PG,38,38,1423,18.1,0.516,0.108,0.2,3.7,13.6,8.8,49.3,2.6,0.5,22.6,21.7,1.2,2.0,3.2,0.108,1.6,0.6,2.2,1.5
Devin Harris,29,ATL,SG,58,34,1421,14.6,0.565,0.519,0.348,0.5,8.7,4.7,21.7,2.3,0.7,14.7,19.5,1.8,1.5,3.3,0.111,-0.5,0.6,0.1,0.8
Austin Rivers,20,NOH,SG,61,26,1418,5.9,0.431,0.221,0.277,1.3,8.0,4.6,13.9,1.0,0.5,14.5,16.8,-1.2,0.1,-1.1,-0.038,-4.7,-1.6,-6.2,-1.5
Mo Williams,30,UTA,PG,46,46,1418,14.4,0.519,0.289,0.159,2.0,7.2,4.5,33.2,1.7,0.5,18.0,22.3,1.2,0.7,1.8,0.062,0.9,-1.7,-0.9,0.4
Udonis Haslem,32,MIA,PF,75,59,1414,9.9,0.535,0.0,0.179,9.0,25.3,17.6,3.8,1.1,0.9,14.2,10.7,1.2,2.0,3.2,0.108,-2.6,-0.5,-3.2,-0.4
Nick Young,27,PHI,SG,59,17,1411,13.3,0.525,0.387,0.236,1.9,8.7,5.2,9.7,1.3,0.8,7.7,21.2,1.4,1.0,2.3,0.079,-0.1,-0.6,-0.7,0.5
Keith Bogans,32,BRK,SG,74,23,1408,6.7,0.533,0.863,0.06,1.3,8.8,5.0,8.1,1.1,0.2,14.4,11.2,0.7,0.7,1.4,0.047,-2.3,-0.3,-2.6,-0.2
Shannon Brown,27,PHO,SG,59,22,1402,13.1,0.493,0.247,0.219,3.5,8.7,6.0,12.8,2.2,0.8,10.6,22.2,0.4,0.8,1.2,0.041,-1.1,-0.5,-1.6,0.2
Manu GinÃ³bili,35,SAS,SG,60,0,1393,19.0,0.56,0.436,0.382,2.6,13.4,8.3,30.6,2.9,0.7,17.3,25.2,2.1,2.4,4.5,0.155,2.1,1.5,3.6,2.0
Tyler Hansbrough,27,IND,PF,81,8,1366,15.3,0.527,0.007,0.737,13.4,17.0,15.2,4.4,1.1,1.0,12.6,20.6,2.1,2.2,4.4,0.154,-1.3,-0.7,-1.9,0.0
C.J. Miles,25,CLE,SF,65,13,1364,15.3,0.551,0.534,0.174,1.9,13.4,7.4,8.1,1.9,1.0,9.5,23.9,1.8,0.8,2.6,0.092,2.0,-0.9,1.1,1.1
Chris Kaman,30,DAL,C,66,52,1363,16.3,0.529,0.002,0.138,8.1,22.1,15.2,6.6,1.1,3.0,13.6,25.3,0.0,1.6,1.6,0.058,-1.5,-0.8,-2.4,-0.1
Earl Clark,25,LAL,PF,59,36,1363,12.4,0.51,0.269,0.197,6.8,19.1,13.1,7.4,1.3,2.3,12.9,15.7,0.7,1.5,2.3,0.08,-1.2,0.5,-0.7,0.4
Jae Crowder,22,DAL,SF,78,16,1353,10.2,0.491,0.523,0.199,2.9,12.3,7.7,10.0,2.4,1.0,10.9,15.1,0.2,1.3,1.5,0.055,-1.9,0.9,-1.0,0.3
Luc Mbah a Moute,26,MIL,SF,58,45,1326,9.1,0.447,0.098,0.334,7.0,14.0,10.4,6.1,1.6,0.8,13.9,16.5,-0.8,1.2,0.5,0.017,-3.5,-0.6,-4.1,-0.7
Brian Roberts,27,NOH,PG,78,5,1324,14.6,0.509,0.299,0.151,1.5,7.3,4.4,28.2,1.5,0.2,11.5,21.6,2.0,0.2,2.2,0.078,0.8,-1.4,-0.6,0.5
Ian Mahinmi,26,IND,C,80,2,1322,10.6,0.497,0.006,0.52,9.9,16.2,13.1,3.3,1.6,3.7,18.5,17.1,-0.4,2.6,2.3,0.083,-4.7,1.4,-3.4,-0.5
Ekpe Udoh,25,MIL,C,76,9,1312,12.0,0.503,0.004,0.442,8.9,11.7,10.3,4.7,1.5,4.7,11.8,12.1,1.1,1.5,2.7,0.098,-2.8,1.1,-1.7,0.1
Marreese Speights,25,MEM,C,40,2,579,16.1,0.474,0.02,0.271,15.2,23.5,19.3,5.5,0.9,3.8,11.2,24.8,0.3,1.1,1.4,0.116,-2.0,-0.3,-2.4,0.0
Marreese Speights,25,CLE,C,39,1,721,18.2,0.515,0.015,0.32,10.7,21.4,15.8,7.4,1.0,2.9,10.5,26.6,0.9,0.6,1.4,0.094,-0.7,-2.3,-3.1,-0.2
Tobias Harris,20,MIL,SF,28,14,325,13.0,0.538,0.183,0.226,5.4,13.7,9.4,6.4,1.2,1.6,12.5,19.4,0.2,0.3,0.5,0.08,-1.5,-0.6,-2.1,0.0
Tobias Harris,20,ORL,PF,27,20,974,17.0,0.524,0.219,0.28,6.5,20.2,13.3,9.6,1.3,2.9,9.7,23.1,1.0,0.9,1.9,0.092,0.5,-0.5,0.0,0.5
Toney Douglas,26,HOU,PG,49,0,913,12.3,0.522,0.46,0.193,2.9,8.2,5.6,16.0,2.2,0.2,12.8,21.0,0.8,0.7,1.5,0.081,-1.2,-0.3,-1.5,0.1
Toney Douglas,26,SAC,PG,22,0,376,16.0,0.558,0.474,0.14,3.3,11.6,7.3,23.8,4.2,0.2,17.1,17.3,0.6,0.3,0.9,0.11,-0.2,1.9,1.8,0.4
A.J. Price,26,WAS,PG,57,22,1278,12.4,0.501,0.484,0.15,1.7,8.2,4.9,26.4,1.3,0.2,12.7,18.0,1.0,1.2,2.2,0.084,-0.2,-0.4,-0.6,0.5
Eric Gordon,24,NOH,SG,42,40,1264,15.4,0.523,0.296,0.38,0.9,6.4,3.6,19.3,1.9,0.5,14.6,29.4,0.8,0.3,1.1,0.042,0.6,-1.9,-1.3,0.2
Pablo Prigioni,35,NYK,PG,78,18,1263,13.0,0.595,0.609,0.114,3.7,9.8,6.6,27.5,2.9,0.1,27.1,11.7,2.0,1.3,3.2,0.123,-0.8,0.9,0.1,0.7
Andrew Nicholson,23,ORL,PF,75,28,1249,15.1,0.557,0.0,0.193,6.2,17.1,11.7,6.1,1.0,2.0,13.0,22.1,0.9,0.8,1.7,0.065,-1.8,-0.9,-2.7,-0.2
Andre Drummond,19,DET,C,60,10,1243,21.6,0.578,0.006,0.465,15.4,27.2,21.2,4.1,2.5,6.1,12.2,17.2,2.2,2.3,4.5,0.172,1.0,1.5,2.5,1.4
Quincy Pondexter,24,MEM,SF,59,1,1243,11.0,0.565,0.508,0.251,4.0,8.6,6.3,7.6,1.5,0.4,11.2,13.9,1.7,1.5,3.2,0.125,-0.8,0.6,-0.1,0.6
Terrence Ross,21,TOR,SG,73,2,1239,10.4,0.491,0.429,0.092,3.3,10.6,6.9,7.2,1.8,0.9,9.2,19.6,0.0,0.8,0.9,0.034,-1.7,-0.7,-2.5,-0.1
D.J. Augustin,25,IND,PG,76,5,1226,11.0,0.527,0.646,0.337,1.9,6.3,4.1,21.6,1.5,0.2,16.8,15.1,1.4,1.5,2.8,0.112,-0.7,0.1,-0.6,0.5
Jamaal Tinsley,34,UTA,PG,66,32,1221,10.6,0.467,0.543,0.111,1.6,9.5,5.5,34.1,2.8,0.9,30.2,13.1,-0.2,1.0,0.9,0.035,-1.8,0.3,-1.5,0.2
Roger Mason,32,NOH,SG,69,13,1219,10.0,0.57,0.521,0.141,1.1,12.0,6.5,9.5,1.2,0.8,13.6,14.3,1.1,0.3,1.4,0.057,-1.3,-0.5,-1.9,0.1
Will Bynum,30,DET,PG,65,0,1219,16.6,0.532,0.141,0.243,2.6,6.6,4.6,34.8,2.0,0.3,17.3,27.0,1.2,0.5,1.7,0.067,0.6,-1.6,-1.0,0.3
Greg Stiemsma,27,MIN,C,76,19,1209,10.5,0.498,0.0,0.248,5.6,19.5,12.3,3.9,1.9,5.8,16.1,13.6,-0.3,2.0,1.7,0.069,-5.1,2.3,-2.8,-0.3
Chuck Hayes,29,SAC,C,74,1,1209,10.7,0.469,0.005,0.253,10.5,18.2,14.2,13.1,1.3,1.2,17.2,9.4,1.1,0.4,1.5,0.06,-1.2,-0.2,-1.4,0.2
Meyers Leonard,20,POR,C,69,9,1206,12.1,0.596,0.025,0.321,7.6,17.1,12.3,4.3,0.5,2.4,13.4,13.9,1.8,0.7,2.4,0.097,-2.7,-0.6,-3.3,-0.4
Kris Humphries,27,BRK,PF,65,21,1191,13.6,0.515,0.006,0.397,12.4,23.9,18.1,4.3,0.7,2.1,13.5,16.3,1.4,1.3,2.7,0.109,-1.9,-1.0,-3.0,-0.3
Willie Green,31,LAC,SG,72,60,1188,11.8,0.562,0.43,0.083,1.7,7.9,4.9,7.1,1.3,0.8,7.2,16.6,1.7,0.9,2.5,0.103,-0.2,-0.7,-0.8,0.3
Steve Blake,32,LAL,PG,45,13,1175,11.7,0.573,0.633,0.13,2.0,10.1,6.2,21.9,1.5,0.4,17.8,13.2,1.6,0.8,2.4,0.097,0.1,0.4,0.5,0.7
Brendan Haywood,33,CHA,C,61,17,1162,8.7,0.441,0.005,0.306,12.0,16.7,14.3,3.9,0.7,3.4,16.9,11.5,-0.2,0.4,0.1,0.006,-4.2,-1.8,-6.0,-1.2
DeShawn Stevenson,31,ATL,SG,56,31,1158,8.1,0.522,0.798,0.088,1.8,10.1,6.0,6.5,1.3,0.4,7.8,11.8,0.5,0.9,1.5,0.061,-2.0,-0.4,-2.4,-0.1
Garrett Temple,26,WAS,SG,51,36,1156,8.8,0.478,0.31,0.143,2.8,9.1,5.9,15.5,2.3,1.2,18.2,13.2,-0.3,1.5,1.2,0.049,-3.8,1.5,-2.3,-0.1
Brandan Wright,25,DAL,C,64,16,1149,21.0,0.606,0.007,0.238,8.4,16.7,12.6,5.6,1.2,5.2,7.1,19.0,2.8,1.3,4.1,0.172,2.1,0.4,2.5,1.3
Alec Burks,21,UTA,SG,64,0,1137,11.5,0.507,0.237,0.332,3.8,11.2,7.5,13.0,1.6,0.9,14.3,20.7,0.3,0.7,1.0,0.044,-1.9,-0.7,-2.6,-0.2
Zaza Pachulia,28,ATL,C,52,15,1134,13.1,0.534,0.012,0.427,13.5,20.3,17.0,10.3,1.6,0.8,19.6,14.6,1.2,1.5,2.7,0.116,-2.0,0.2,-1.7,0.1
Festus Ezeli,23,GSW,C,78,41,1120,9.3,0.467,0.0,0.479,14.3,16.4,15.4,2.7,1.0,5.2,23.5,10.7,0.0,1.5,1.5,0.066,-4.0,0.7,-3.4,-0.4
Lou Williams,26,ATL,SG,39,9,1119,15.9,0.555,0.442,0.273,0.8,7.3,4.1,20.4,2.0,0.7,13.0,23.6,1.4,1.0,2.4,0.103,1.3,-0.3,1.0,0.9
DeMarre Carroll,26,UTA,SF,66,12,1111,15.5,0.535,0.216,0.302,9.1,10.8,9.9,8.7,2.8,1.7,8.5,16.4,2.0,1.1,3.1,0.134,0.4,0.9,1.3,0.9
Greg Smith,22,HOU,C,70,10,1110,16.1,0.636,0.004,0.474,11.5,21.2,16.4,3.5,0.8,2.7,11.0,14.7,2.8,1.2,4.0,0.172,-0.6,0.0,-0.6,0.4
Damien Wilkins,33,PHI,SG,61,21,1095,12.5,0.533,0.161,0.345,3.2,7.8,5.4,12.9,1.8,1.3,11.9,17.4,1.0,0.9,1.9,0.083,-2.3,0.1,-2.2,-0.1
Charlie Villanueva,28,DET,PF,69,0,1092,14.0,0.481,0.558,0.106,5.1,20.6,12.7,8.4,1.5,2.8,7.4,21.9,0.4,1.1,1.6,0.069,0.5,-0.5,0.0,0.6
Richard Hamilton,34,CHI,SG,50,45,1088,10.6,0.481,0.109,0.162,1.7,7.2,4.4,19.9,1.2,0.3,14.2,25.0,-0.6,0.9,0.4,0.016,-2.8,-1.2,-4.0,-0.6
Marquis Daniels,32,MIL,SF,59,33,1085,9.2,0.432,0.205,0.154,4.6,10.5,7.4,9.0,2.4,0.7,10.7,16.9,-0.6,1.1,0.5,0.023,-3.5,0.6,-2.9,-0.2
Gerald Green,27,IND,SF,60,7,1080,9.9,0.465,0.443,0.153,3.3,11.1,7.3,7.9,0.9,1.6,10.5,21.3,-0.3,1.5,1.3,0.056,-1.6,-0.3,-1.9,0.0
Wilson Chandler,25,DEN,PF,43,8,1079,16.6,0.556,0.277,0.244,4.8,17.6,11.3,8.3,2.1,0.9,10.6,22.7,1.8,1.3,3.1,0.137,0.7,-0.1,0.5,0.7
Enes Freedom,20,UTA,C,70,2,1078,17.6,0.588,0.003,0.309,14.5,18.6,16.5,5.0,1.4,2.3,19.0,22.4,1.2,1.0,2.3,0.101,-0.7,-1.4,-2.1,0.0
Stephen Jackson,34,SAS,SF,55,6,1075,8.0,0.473,0.515,0.212,2.5,13.5,8.3,10.7,1.8,0.9,17.6,18.7,-1.2,1.5,0.3,0.013,-3.6,0.1,-3.5,-0.4
Glen Davis,27,ORL,PF,34,33,1064,15.0,0.483,0.004,0.245,5.8,20.3,13.1,11.3,1.6,1.5,10.8,25.4,-0.1,0.9,0.8,0.035,-1.6,-0.3,-1.9,0.0
Draymond Green,22,GSW,SF,79,1,1061,7.1,0.404,0.261,0.214,6.2,20.3,13.5,7.0,2.0,1.8,15.4,14.0,-0.9,1.6,0.6,0.028,-5.0,1.4,-3.6,-0.4
Thomas Robinson,21,SAC,PF,51,0,809,10.6,0.45,0.0,0.292,12.7,21.3,16.9,6.8,1.6,2.0,19.2,18.6,-0.7,0.5,-0.2,-0.01,-3.7,-1.9,-5.6,-0.7
Thomas Robinson,21,HOU,PF,19,0,247,12.0,0.454,0.013,0.487,13.9,21.3,17.7,6.2,3.2,1.5,19.5,20.8,-0.3,0.4,0.1,0.024,-4.2,0.0,-4.2,-0.1
Landry Fields,24,TOR,SF,51,22,1037,10.3,0.487,0.063,0.238,6.7,17.4,11.9,8.9,1.6,0.6,14.6,12.9,0.3,0.8,1.1,0.052,-1.8,0.0,-1.8,0.1
Ivan Johnson,28,ATL,PF,69,5,1035,15.7,0.546,0.037,0.368,8.5,20.7,14.7,7.4,2.8,1.0,14.7,21.7,0.6,1.7,2.3,0.106,-2.3,0.7,-1.6,0.1
Jermaine O'Neal,34,PHO,C,55,4,1029,16.7,0.538,0.0,0.31,8.9,23.8,16.2,6.8,0.9,5.7,14.8,21.4,0.7,1.3,2.0,0.092,-1.9,0.6,-1.3,0.2
Francisco GarcÃ­a,31,SAC,SG,40,15,710,10.5,0.488,0.532,0.068,1.1,10.1,5.5,9.0,2.3,3.4,8.7,14.5,0.2,0.4,0.6,0.04,-1.1,0.6,-0.6,0.3
Francisco GarcÃ­a,31,HOU,SF,18,5,319,12.2,0.586,0.737,0.074,0.4,7.7,4.1,9.5,2.2,1.7,10.9,15.1,0.4,0.3,0.7,0.101,0.4,1.4,1.8,0.3
Dahntay Jones,32,DAL,SF,50,15,635,6.9,0.494,0.264,0.586,2.3,9.8,6.1,6.1,0.8,0.6,11.1,14.2,0.2,0.3,0.4,0.033,-4.0,-0.8,-4.8,-0.4
Dahntay Jones,32,ATL,SF,28,4,381,5.4,0.46,0.146,0.378,3.4,5.9,4.7,7.6,1.6,0.2,14.3,13.6,-0.2,0.3,0.1,0.015,-6.2,-0.4,-6.6,-0.4
Andrea Bargnani,27,TOR,PF,35,25,1003,11.2,0.482,0.289,0.181,3.0,12.3,7.6,6.6,1.1,1.8,10.5,23.8,-0.5,0.6,0.1,0.007,-1.1,-1.6,-2.7,-0.2
Aaron Brooks,28,SAC,PG,46,20,959,12.1,0.562,0.419,0.172,1.4,8.1,4.7,17.8,1.5,0.6,16.2,18.0,0.9,0.0,0.9,0.045,-0.7,-1.4,-2.1,0.0
Aaron Brooks,28,HOU,PG,7,0,38,5.6,0.385,0.538,0.0,3.0,3.0,3.0,23.1,1.3,6.0,23.5,19.6,-0.1,0.0,0.0,-0.063,-4.1,0.1,-4.0,0.0
Iman Shumpert,22,NYK,SG,45,45,996,11.7,0.516,0.462,0.171,3.5,12.8,8.0,11.6,2.3,0.6,11.1,15.6,1.0,1.0,1.9,0.094,-0.8,0.7,-0.1,0.5
Reggie Jackson,22,OKC,PG,70,0,993,14.2,0.531,0.32,0.191,2.6,15.6,9.6,19.3,1.5,1.0,13.1,18.6,1.2,1.3,2.5,0.121,-0.4,0.5,0.1,0.5
Sebastian Telfair,27,PHO,PG,46,2,795,10.9,0.505,0.457,0.231,1.7,8.2,4.9,21.9,1.8,0.9,16.3,18.2,0.3,0.4,0.7,0.042,-1.4,-0.3,-1.7,0.1
Sebastian Telfair,27,TOR,PG,13,0,185,10.7,0.416,0.597,0.194,0.6,9.8,5.1,32.5,2.6,0.4,14.1,19.6,0.0,0.1,0.1,0.029,-1.8,0.1,-1.7,0.0
Darrell Arthur,24,MEM,PF,59,3,970,11.8,0.477,0.05,0.128,8.1,12.5,10.3,5.9,1.3,2.8,10.2,20.1,0.2,1.5,1.7,0.084,-2.8,0.4,-2.4,-0.1
Jimmer Fredette,23,SAC,SG,69,0,967,14.6,0.546,0.381,0.242,2.2,6.4,4.2,15.9,1.6,0.2,13.1,23.9,1.1,-0.1,1.1,0.052,1.1,-2.5,-1.3,0.2
Anthony Tolliver,27,ATL,SF,62,11,963,8.4,0.531,0.616,0.236,3.7,14.5,9.2,4.8,0.8,1.0,13.1,13.2,0.3,0.9,1.2,0.059,-2.5,-0.5,-3.1,-0.3
Eric Maynor,25,OKC,PG,37,0,391,7.5,0.419,0.4,0.183,1.6,3.6,2.6,26.8,1.3,0.0,20.0,18.1,-0.3,0.2,0.0,-0.003,-2.5,-2.5,-5.0,-0.3
Eric Maynor,25,POR,SG,27,0,572,10.6,0.508,0.301,0.247,0.8,4.9,2.8,30.0,1.1,0.1,20.7,18.6,0.2,0.0,0.2,0.016,-1.6,-2.7,-4.2,-0.3
Wesley Johnson,25,PHO,SF,50,21,953,10.3,0.485,0.391,0.088,2.5,12.4,7.3,5.9,1.2,1.4,10.4,21.4,-0.5,0.5,0.0,0.0,-1.6,-1.7,-3.3,-0.3
Jason Richardson,32,PHI,SG,33,33,936,12.6,0.495,0.497,0.098,2.2,13.4,7.7,8.6,2.3,1.2,6.9,18.5,0.3,1.1,1.4,0.07,-0.9,0.5,-0.5,0.4
Chris Singleton,23,WAS,PF,57,11,924,7.8,0.425,0.149,0.29,6.1,16.1,11.0,6.3,2.1,2.1,14.2,15.7,-1.0,1.5,0.5,0.028,-5.6,1.3,-4.3,-0.6
Nando De Colo,25,SAS,SG,72,6,920,11.1,0.53,0.34,0.183,3.1,13.7,8.7,21.6,2.3,0.5,23.7,17.1,0.0,1.4,1.3,0.07,-2.4,1.2,-1.2,0.2
Daniel Gibson,26,CLE,PG,46,3,919,7.7,0.475,0.66,0.15,0.6,7.3,3.8,13.4,1.7,0.4,10.5,14.3,0.3,0.2,0.5,0.026,-2.8,-0.6,-3.4,-0.3
MarShon Brooks,24,BRK,SG,73,2,912,13.5,0.523,0.164,0.281,4.1,9.4,6.7,14.6,2.0,1.3,15.5,22.5,0.5,0.8,1.3,0.068,-1.6,-0.1,-1.7,0.1
Matt Bonner,32,SAS,PF,68,4,909,11.8,0.609,0.522,0.065,3.4,12.5,8.2,5.8,1.0,1.5,6.3,12.8,1.4,1.1,2.5,0.133,-0.2,0.4,0.2,0.5
John Jenkins,21,ATL,SG,61,2,902,13.0,0.576,0.469,0.238,2.2,9.6,6.0,9.8,0.7,0.8,11.0,18.7,1.1,0.6,1.7,0.091,0.4,-1.2,-0.8,0.3
Anderson VarejÃ£o,30,CLE,C,25,25,901,21.7,0.529,0.017,0.353,16.9,30.1,23.2,15.4,2.1,1.3,11.6,18.7,2.2,1.1,3.3,0.173,3.8,-0.1,3.7,1.3
Mike Miller,32,MIA,SF,59,17,900,13.5,0.596,0.758,0.048,2.6,18.0,10.7,16.2,1.2,0.4,12.9,14.4,1.6,1.0,2.6,0.137,1.8,-0.3,1.5,0.8
Will Barton,22,POR,SG,73,5,894,9.1,0.437,0.21,0.21,4.6,14.3,9.4,10.4,2.0,0.8,15.1,20.4,-1.1,0.6,-0.5,-0.028,-4.0,-0.6,-4.6,-0.6
Jonas Jerebko,25,DET,PF,49,2,892,15.7,0.531,0.263,0.278,8.6,15.4,11.9,8.1,2.3,0.7,10.6,20.2,1.2,0.8,2.0,0.107,0.3,-0.4,-0.1,0.4
Jared Sullinger,20,BOS,PF,45,5,892,13.5,0.534,0.022,0.28,12.6,22.1,17.5,6.2,1.3,1.9,10.3,14.9,1.3,1.4,2.7,0.146,-2.3,0.4,-1.9,0.0
Trevor Booker,25,WAS,PF,48,14,887,13.9,0.509,0.023,0.327,12.2,17.8,14.9,7.4,1.9,1.4,11.0,14.5,0.9,1.4,2.3,0.126,-1.5,0.6,-1.0,0.2
James Johnson,25,SAC,SF,54,11,878,10.2,0.442,0.074,0.237,6.2,12.9,9.5,10.2,2.4,4.5,17.9,19.3,-1.1,0.6,-0.5,-0.028,-3.9,0.3,-3.5,-0.3
Jason Smith,26,NOH,C,51,0,876,16.8,0.544,0.012,0.299,8.6,16.9,12.7,7.0,0.9,4.3,12.5,23.4,1.1,0.6,1.7,0.095,-1.4,-0.3,-1.6,0.1
Chris Copeland,28,NYK,PF,56,13,862,16.8,0.583,0.368,0.218,4.5,11.9,8.1,5.7,1.0,1.2,10.7,25.3,1.5,0.6,2.1,0.117,1.1,-1.6,-0.5,0.3
Mike James,37,DAL,PG,45,23,862,9.5,0.481,0.461,0.107,1.2,8.0,4.7,23.7,1.5,0.3,16.2,17.9,0.0,0.5,0.4,0.024,-2.5,-1.0,-3.5,-0.3
Luke Walton,32,CLE,PF,50,0,857,11.3,0.453,0.37,0.11,4.9,15.2,9.8,28.7,2.5,1.2,24.0,13.0,0.1,0.7,0.8,0.045,-1.9,0.9,-1.0,0.2
Ronnie Brewer,27,NYK,SF,46,34,711,10.2,0.432,0.406,0.223,4.6,12.1,8.2,8.4,2.6,0.7,6.8,13.6,0.1,0.7,0.8,0.057,-1.6,0.8,-0.8,0.2
Ronnie Brewer,27,OKC,SF,14,0,142,9.1,0.283,0.217,0.0,11.3,20.3,16.2,9.4,3.3,0.0,14.8,8.6,0.0,0.3,0.2,0.072,-2.2,1.7,-0.6,0.1
DeJuan Blair,23,SAS,PF,61,16,851,14.6,0.543,0.004,0.258,9.5,21.1,15.6,8.3,2.2,0.9,14.0,19.0,0.7,1.5,2.2,0.126,-2.4,0.8,-1.6,0.1
Chris Wilcox,30,BOS,C,61,7,830,15.3,0.725,0.007,0.379,8.1,17.3,12.8,4.2,2.0,2.7,16.0,12.1,1.8,1.3,3.1,0.181,-1.5,1.5,0.0,0.4
Earl Watson,33,UTA,PG,48,4,829,7.7,0.366,0.233,0.208,3.2,9.1,6.1,31.8,2.5,0.8,34.5,11.0,-0.6,0.7,0.0,0.001,-3.9,0.4,-3.5,-0.3
John Henson,22,MIL,PF,63,9,827,18.2,0.497,0.009,0.313,14.5,24.4,19.3,6.3,1.2,3.7,11.0,22.6,0.6,1.2,1.9,0.109,-0.7,-1.0,-1.7,0.1
John Lucas III,30,TOR,PG,63,0,827,12.8,0.483,0.452,0.075,1.1,8.3,4.7,21.5,1.5,0.1,7.0,20.8,0.7,0.3,1.1,0.061,0.6,-1.2,-0.6,0.3
Chris Duhon,30,LAL,PG,46,9,820,8.0,0.517,0.74,0.106,1.5,7.5,4.6,22.8,1.2,0.1,23.7,9.2,0.6,0.4,1.0,0.056,-2.4,-0.5,-2.9,-0.2
Victor Claver,24,POR,SF,49,16,812,7.0,0.462,0.46,0.159,4.4,12.8,8.5,7.9,1.7,1.1,17.5,13.9,-0.6,0.5,-0.1,-0.005,-3.6,0.0,-3.7,-0.3
DeQuan Jones,22,ORL,SF,63,17,803,8.4,0.485,0.161,0.234,2.4,12.4,7.4,3.0,1.2,2.1,11.1,15.3,-0.3,0.4,0.1,0.007,-3.8,-0.8,-4.5,-0.5
Rashard Lewis,33,MIA,PF,55,9,792,11.1,0.53,0.526,0.181,3.1,15.0,9.4,5.7,1.4,1.4,10.9,18.2,0.3,0.9,1.2,0.071,-1.5,-1.0,-2.5,-0.1
Andrew Bogut,28,GSW,C,32,32,786,13.8,0.463,0.005,0.207,9.8,24.1,17.2,12.5,1.3,5.5,14.8,13.4,0.4,1.4,1.7,0.106,-1.4,2.8,1.4,0.7
Hasheem Thabeet,25,OKC,C,66,4,770,11.6,0.619,0.0,0.5,11.1,17.5,14.5,2.0,2.0,5.9,24.1,10.1,0.7,1.5,2.2,0.134,-3.9,2.4,-1.5,0.1
Samuel Dalembert,31,MIL,C,47,23,765,18.6,0.565,0.004,0.217,14.2,24.9,19.4,4.5,1.1,5.1,15.5,18.7,0.9,1.2,2.2,0.137,-0.8,0.2,-0.6,0.3
Gustavo AyÃ³n,27,ORL,C,43,3,571,11.7,0.54,0.0,0.304,7.9,19.8,13.8,15.5,1.2,1.8,21.1,14.3,0.3,0.5,0.7,0.061,-3.3,1.3,-2.0,0.0
Gustavo AyÃ³n,27,MIL,C,12,0,163,16.6,0.539,0.0,0.286,12.7,26.7,19.4,11.6,2.8,1.8,16.0,15.0,0.1,0.3,0.4,0.132,-1.8,1.4,-0.5,0.1
Luke Babbitt,23,POR,PF,62,0,730,9.4,0.509,0.761,0.056,2.4,19.7,10.9,6.2,1.0,0.5,8.4,16.4,0.3,0.4,0.7,0.047,-1.7,-0.7,-2.4,-0.1
Jeff Adrien,26,CHA,PF,52,5,713,13.4,0.493,0.012,0.595,10.6,21.2,15.7,8.3,1.3,3.1,13.1,15.6,0.5,0.4,1.0,0.064,-2.1,-0.9,-3.0,-0.2
Patrick Beverley,24,HOU,PG,41,0,713,15.4,0.551,0.508,0.217,7.2,10.1,8.7,24.2,2.6,2.2,17.5,15.4,1.4,0.8,2.2,0.148,1.7,2.1,3.8,1.0
Kendall Marshall,21,PHO,PG,48,3,702,7.8,0.455,0.483,0.093,0.6,6.3,3.4,29.4,1.6,0.4,26.6,13.6,-0.4,0.2,-0.2,-0.012,-3.5,-1.7,-5.2,-0.6
Ronny Turiaf,30,LAC,C,65,0,701,9.4,0.485,0.0,0.649,7.8,17.9,12.9,6.8,1.4,4.2,18.9,10.0,0.1,1.0,1.1,0.075,-3.2,1.5,-1.7,0.1
Royal Ivey,31,PHI,SG,53,5,698,8.1,0.563,0.611,0.111,2.5,6.8,4.6,6.7,1.7,0.3,11.7,11.3,0.5,0.5,1.0,0.066,-3.4,0.6,-2.8,-0.1
Darius Miller,22,NOH,SF,52,2,694,6.3,0.529,0.519,0.074,1.3,12.2,6.7,9.3,1.3,1.4,17.1,9.0,0.2,0.3,0.5,0.034,-3.6,0.9,-2.7,-0.1
Cartier Martin,28,WAS,SF,41,3,694,9.7,0.511,0.579,0.111,1.7,14.3,8.0,4.8,1.4,0.7,10.8,19.5,-0.2,0.9,0.7,0.047,-1.6,-0.5,-2.1,0.0
Nazr Mohammed,35,CHI,C,63,12,693,10.8,0.414,0.011,0.261,12.0,20.4,16.2,5.8,1.6,3.5,10.7,14.9,0.0,1.2,1.2,0.082,-4.1,0.6,-3.6,-0.3
Sam Young,27,IND,SG,56,3,693,7.5,0.464,0.351,0.291,4.3,15.3,9.9,9.4,1.2,0.9,16.5,13.2,-0.2,1.1,0.9,0.062,-3.5,0.8,-2.7,-0.1
Darius Morris,22,LAL,PG,48,17,683,8.1,0.475,0.351,0.197,4.0,5.2,4.6,16.8,1.6,0.2,18.1,16.2,-0.1,0.3,0.2,0.016,-3.3,-0.9,-4.2,-0.4
Amar'e Stoudemire,30,NYK,PF,29,0,682,22.1,0.637,0.0,0.487,10.0,15.1,12.4,3.6,0.8,2.7,13.4,25.7,2.1,0.6,2.7,0.191,1.6,-0.9,0.7,0.5
Austin Daye,24,DET,SF,24,0,348,12.6,0.581,0.412,0.186,3.2,17.9,10.4,9.6,0.8,1.8,11.0,15.4,0.5,0.2,0.8,0.108,-0.6,0.3,-0.2,0.2
Austin Daye,24,MEM,SF,31,0,328,13.3,0.529,0.523,0.144,2.1,19.8,10.8,10.6,1.5,3.5,11.9,18.8,0.2,0.6,0.9,0.127,-0.7,1.9,1.1,0.3
Ryan Hollins,28,LAC,C,60,0,663,11.3,0.674,0.0,0.772,9.1,15.7,12.5,2.4,0.5,4.3,22.4,13.6,1.0,0.8,1.7,0.125,-4.0,0.2,-3.9,-0.3
Patty Mills,24,SAS,PG,58,2,656,14.1,0.59,0.539,0.079,1.7,6.8,4.4,14.9,2.0,0.4,13.5,20.2,0.7,0.8,1.5,0.109,0.0,0.2,0.2,0.4
Jeremy Pargo,26,CLE,PG,25,11,447,11.3,0.478,0.305,0.219,1.7,6.8,4.1,24.2,1.4,0.4,15.3,24.1,-0.1,0.1,-0.1,-0.006,-0.7,-1.9,-2.7,-0.1
Jeremy Pargo,26,PHI,SG,14,0,208,8.4,0.478,0.27,0.333,0.5,8.9,4.6,20.4,0.3,0.0,15.3,18.9,0.0,0.1,0.0,0.006,-3.0,-1.5,-4.4,-0.1
Lance Thomas,24,NOH,SF,59,9,646,10.1,0.565,0.0,0.557,8.0,13.3,10.6,4.0,0.9,0.9,9.6,10.5,1.0,0.2,1.2,0.087,-2.3,-0.7,-3.0,-0.2
MickaÃ«l Gelabale,29,MIN,SF,36,13,644,11.8,0.605,0.374,0.173,5.5,12.3,8.8,6.4,1.3,0.5,9.7,11.5,1.0,0.5,1.5,0.114,-0.6,0.4,-0.2,0.3
Kyle O'Quinn,22,ORL,C,57,5,638,15.8,0.535,0.005,0.228,11.5,25.5,18.5,13.1,0.9,3.1,14.6,18.1,0.7,0.7,1.4,0.107,-1.9,0.3,-1.6,0.1
Xavier Henry,21,NOH,SF,50,2,625,7.6,0.481,0.068,0.571,3.9,13.4,8.6,3.2,1.4,0.7,13.3,17.3,-0.2,0.2,0.0,0.002,-4.6,-1.2,-5.7,-0.6
Chris Andersen,34,MIA,C,42,0,624,17.4,0.631,0.024,0.756,11.9,21.5,17.0,4.0,1.4,5.8,12.8,14.4,1.6,1.1,2.7,0.207,-1.0,0.8,-0.2,0.3
Orlando Johnson,23,IND,SG,51,0,619,11.4,0.523,0.522,0.178,3.7,15.9,9.9,12.5,0.9,1.1,13.0,16.4,0.5,1.0,1.5,0.115,-0.5,0.7,0.2,0.3
Kevin Love,24,MIN,PF,18,18,618,17.9,0.458,0.309,0.477,11.5,35.9,23.3,11.8,1.1,1.1,9.8,28.9,0.1,0.9,1.1,0.084,1.4,-1.0,0.4,0.4
Jan VeselÃ½,22,WAS,PF,51,4,601,7.6,0.48,0.009,0.342,7.9,14.7,11.3,7.3,1.3,2.2,17.1,12.0,-0.1,0.8,0.7,0.059,-5.6,1.0,-4.7,-0.4
Doron Lamb,21,MIL,SG,23,0,280,3.0,0.384,0.168,0.158,1.1,5.6,3.3,10.6,1.3,0.0,13.6,18.3,-0.6,0.1,-0.4,-0.076,-7.1,-1.8,-8.9,-0.5
Doron Lamb,21,ORL,SG,24,0,297,6.5,0.498,0.309,0.279,1.9,9.1,5.5,5.8,1.1,0.0,11.6,13.2,0.0,0.1,0.1,0.01,-4.2,-1.5,-5.7,-0.3
Derek Fisher,38,DAL,PG,9,9,229,8.7,0.513,0.354,0.354,0.0,7.2,3.6,19.5,1.1,0.7,19.3,18.5,0.0,0.1,0.1,0.016,-2.9,-0.8,-3.7,-0.1
Derek Fisher,38,OKC,SG,24,0,346,7.0,0.478,0.594,0.156,0.7,6.2,3.6,6.6,2.1,0.2,10.5,15.1,0.0,0.3,0.3,0.046,-3.2,0.0,-3.2,-0.1
Richard Jefferson,32,GSW,SF,56,1,568,10.3,0.552,0.331,0.39,1.0,14.9,8.1,8.0,1.3,1.0,12.6,14.4,0.4,0.6,1.0,0.081,-1.8,0.6,-1.3,0.1
Joel Anthony,30,MIA,C,62,3,566,10.4,0.542,0.0,0.412,10.4,14.4,12.5,3.1,1.2,6.1,21.5,8.6,0.4,0.8,1.2,0.1,-2.3,0.9,-1.3,0.1
Rodrigue Beaubois,24,DAL,PG,45,0,549,10.6,0.47,0.409,0.216,1.9,9.6,5.8,22.6,1.8,0.6,14.6,18.7,0.0,0.4,0.4,0.032,-2.3,-0.3,-2.6,-0.1
Jerry Stackhouse,38,BRK,SF,37,0,544,8.5,0.5,0.517,0.134,1.1,6.1,3.6,10.4,0.7,0.6,11.6,17.5,0.2,0.2,0.4,0.037,-1.6,-1.7,-3.3,-0.2
Arnett Moultrie,22,PHI,PF,47,0,542,16.7,0.595,0.0,0.209,15.4,14.8,15.1,2.9,1.7,1.4,11.5,14.1,1.1,0.6,1.7,0.149,0.0,-1.2,-1.2,0.1
Donatas MotiejÅ«nas,22,HOU,PF,44,14,538,12.2,0.531,0.39,0.239,7.7,11.9,9.8,9.5,0.6,1.4,13.6,22.1,0.4,0.3,0.7,0.061,-1.9,-1.6,-3.5,-0.2
Sasha PavloviÄ,29,POR,SG,39,1,528,6.2,0.423,0.504,0.05,1.5,10.9,6.2,8.9,2.4,0.7,10.3,11.8,-0.3,0.4,0.1,0.009,-4.9,1.6,-3.3,-0.2
Ish Smith,24,ORL,PG,36,3,378,7.2,0.357,0.147,0.06,3.3,10.5,6.9,22.2,1.8,1.2,18.5,17.6,-0.8,0.2,-0.6,-0.073,-4.5,-0.7,-5.2,-0.3
Ish Smith,24,MIL,PG,16,0,138,12.1,0.442,0.233,0.0,0.8,11.3,5.8,32.7,2.9,1.6,18.9,16.7,0.0,0.2,0.1,0.049,-3.0,1.8,-1.2,0.0
Aaron Gray,28,TOR,C,42,16,513,9.0,0.544,0.0,0.489,10.9,20.0,15.4,9.9,0.7,0.8,24.8,13.1,0.2,0.4,0.5,0.05,-3.9,-0.4,-4.3,-0.3
Leandro Barbosa,30,BOS,PG,41,2,513,13.5,0.509,0.244,0.212,1.9,8.5,5.3,19.0,1.7,0.9,9.1,21.4,0.4,0.5,0.9,0.086,-1.0,0.3,-0.7,0.2
Ronnie Price,29,POR,PG,39,0,510,6.8,0.402,0.325,0.2,2.9,7.2,5.0,21.0,2.7,0.4,20.7,14.8,-0.5,0.3,-0.2,-0.017,-5.4,0.5,-4.9,-0.4
Chase Budinger,24,MIN,SF,23,1,508,12.6,0.516,0.424,0.22,3.3,13.0,8.0,8.3,1.4,1.1,9.9,20.5,0.3,0.4,0.7,0.066,-0.6,-0.8,-1.4,0.1
Jannero Pargo,33,WAS,PG,7,0,102,0.2,0.319,0.625,0.063,0.0,6.6,3.3,21.0,0.0,0.8,19.6,18.3,-0.3,0.1,-0.3,-0.129,-7.4,-3.0,-10.5,-0.2
Jannero Pargo,33,ATL,PG,7,0,113,9.7,0.45,0.526,0.053,1.0,6.0,3.5,25.4,1.4,0.0,11.4,18.0,0.0,0.1,0.1,0.041,-2.0,-1.9,-3.9,0.0
Jannero Pargo,33,CHA,PG,18,0,292,14.1,0.517,0.535,0.063,3.4,5.2,4.3,22.5,2.7,0.6,16.1,27.1,-0.1,0.0,0.0,-0.001,0.6,-2.5,-1.9,0.0
Omri Casspi,24,CLE,SF,43,1,503,12.9,0.486,0.475,0.256,4.4,22.7,13.1,8.8,2.6,1.9,11.0,17.7,0.1,0.6,0.7,0.064,-0.8,0.7,-0.1,0.2
Mirza TeletoviÄ,27,BRK,PF,53,0,499,12.3,0.495,0.584,0.059,7.8,14.8,11.2,7.7,1.4,1.2,9.5,19.4,0.5,0.5,0.9,0.087,-0.3,-1.0,-1.3,0.1
Andris BiedriÅÅ¡,26,GSW,C,53,9,495,7.7,0.449,0.0,0.619,7.8,25.7,17.0,3.7,1.5,6.6,34.4,3.7,0.1,1.0,1.1,0.102,-4.8,3.8,-1.0,0.1
Hakim Warrick,30,NOH,PF,1,0,7,28.8,0.694,0.0,1.0,0.0,0.0,0.0,0.0,7.7,0.0,0.0,19.1,0.0,0.0,0.1,0.353,6.7,7.3,14.0,0.0
Hakim Warrick,30,CHA,PF,27,14,482,11.3,0.473,0.018,0.528,4.8,16.6,10.6,9.0,1.3,1.0,12.6,21.7,-0.2,0.1,-0.1,-0.007,-2.9,-2.2,-5.1,-0.4
Joel Freeland,25,POR,PF,51,1,477,9.3,0.435,0.0,0.19,9.6,19.5,14.5,4.3,1.4,1.7,11.0,16.6,-0.2,0.4,0.2,0.022,-4.7,-0.7,-5.4,-0.4
Khris Middleton,21,DET,SG,27,0,475,11.4,0.532,0.319,0.227,1.0,11.4,6.1,9.5,1.7,0.7,6.6,15.9,0.6,0.3,0.9,0.089,-1.9,-0.1,-1.9,0.0
Jordan Hill,25,LAL,PF,29,1,458,18.5,0.533,0.013,0.394,20.3,19.7,20.0,4.7,0.9,3.0,12.5,20.2,0.9,0.5,1.4,0.147,-0.1,-1.6,-1.6,0.0
Bernard James,27,DAL,C,46,11,457,14.7,0.541,0.019,0.398,12.9,18.9,16.0,1.9,1.3,6.5,12.9,13.9,0.5,0.7,1.2,0.125,-2.4,0.7,-1.6,0.0
Travis Outlaw,28,SAC,SF,38,2,444,13.0,0.5,0.282,0.294,4.3,11.7,7.9,7.7,1.3,1.4,8.7,21.9,0.3,0.1,0.3,0.037,-0.5,-1.9,-2.4,0.0
Charles Jenkins,23,GSW,SG,47,0,291,6.9,0.445,0.024,0.217,2.0,5.9,4.0,14.4,1.6,0.3,17.3,16.9,-0.3,0.2,-0.1,-0.018,-4.8,-0.7,-5.4,-0.3
Charles Jenkins,23,PHI,PG,12,1,150,8.6,0.377,0.0,0.105,2.2,6.2,4.1,15.7,2.1,0.5,4.8,12.8,0.0,0.1,0.1,0.021,-4.2,0.2,-4.0,-0.1
Daequan Cook,25,HOU,SG,16,1,165,8.8,0.456,0.508,0.051,3.5,8.8,6.2,9.1,1.8,0.9,9.0,17.6,0.0,0.1,0.1,0.03,-1.3,-0.2,-1.6,0.0
Daequan Cook,25,CHI,SG,33,0,276,4.0,0.366,0.565,0.083,0.8,17.3,8.9,5.2,0.4,1.4,7.4,20.1,-0.6,0.3,-0.3,-0.048,-4.8,-2.0,-6.8,-0.3
Grant Hill,40,LAC,SF,29,0,437,4.8,0.428,0.112,0.245,1.7,11.5,6.7,8.3,1.3,1.3,18.7,14.0,-0.5,0.4,-0.1,-0.014,-5.3,-0.3,-5.6,-0.4
James White,30,NYK,SF,57,16,435,9.1,0.503,0.353,0.164,1.3,12.0,6.5,10.3,1.6,0.8,12.0,15.2,0.1,0.3,0.5,0.051,-3.3,0.2,-3.1,-0.1
Kenyon Martin,35,NYK,C,18,11,431,13.9,0.583,0.0,0.43,8.9,17.1,12.9,2.9,2.0,3.4,12.6,13.7,0.6,0.6,1.2,0.128,-1.5,0.4,-1.1,0.1
Evan Fournier,20,DEN,SG,38,4,428,13.8,0.597,0.355,0.257,1.6,7.4,4.6,15.5,2.2,0.2,15.9,20.4,0.7,0.3,1.0,0.115,-1.3,0.0,-1.4,0.1
Chauncey Billups,36,LAC,SG,22,22,418,15.0,0.601,0.682,0.364,0.6,8.4,4.6,17.4,1.5,0.2,14.5,19.6,1.0,0.3,1.3,0.146,1.6,-1.1,0.5,0.3
Shelvin Mack,22,WAS,PG,7,2,141,10.4,0.453,0.325,0.05,2.3,10.3,6.3,26.3,2.2,0.0,16.4,15.8,0.0,0.2,0.2,0.052,-2.9,1.2,-1.7,0.0
Shelvin Mack,22,PHI,SG,4,0,7,-6.4,0.5,0.5,0.0,0.0,0.0,0.0,22.6,0.0,0.0,50.0,26.3,-0.1,0.0,-0.1,-0.348,-13.8,-4.1,-17.9,0.0
Shelvin Mack,22,ATL,PG,20,1,268,12.3,0.577,0.417,0.167,0.0,10.1,5.1,26.3,1.7,0.0,21.0,19.7,0.1,0.2,0.4,0.068,-2.2,-0.6,-2.8,-0.1
Kim English,24,DET,SG,41,0,407,7.9,0.477,0.446,0.259,2.2,8.4,5.2,9.8,2.1,0.6,13.2,16.1,0.0,0.2,0.2,0.021,-4.0,-0.2,-4.2,-0.2
James Anderson,23,SAS,SF,10,0,94,13.0,0.587,0.44,0.36,3.9,12.8,8.6,13.9,1.6,1.5,19.5,17.6,0.1,0.1,0.2,0.109,-0.4,0.8,0.4,0.1
James Anderson,23,HOU,SG,29,2,307,14.2,0.526,0.485,0.188,5.6,15.7,10.7,16.4,2.0,0.7,14.1,18.1,0.4,0.3,0.7,0.105,0.7,0.4,1.2,0.2
Jordan Hamilton,22,DEN,SF,40,1,397,16.9,0.49,0.363,0.129,9.2,17.4,13.4,9.2,1.9,1.6,8.2,25.3,0.4,0.5,0.8,0.1,2.1,-1.2,0.9,0.3
Marquis Teague,19,CHI,PG,48,0,392,6.0,0.412,0.204,0.142,0.9,12.1,6.4,25.6,1.2,1.3,22.6,18.2,-0.7,0.4,-0.3,-0.031,-5.5,0.0,-5.6,-0.4
Kurt Thomas,40,NYK,PF,39,17,392,13.3,0.547,0.012,0.157,6.9,20.1,13.3,8.3,1.4,3.5,8.3,11.5,0.6,0.5,1.1,0.135,-1.8,1.6,-0.1,0.2
Cory Joseph,21,SAS,PG,28,9,388,13.5,0.528,0.191,0.191,3.8,11.3,7.7,20.2,2.0,0.7,15.0,16.6,0.4,0.5,0.9,0.113,-1.2,0.8,-0.4,0.2
Cole Aldrich,24,HOU,C,30,0,213,7.3,0.532,0.0,0.209,6.5,23.7,15.2,4.1,0.7,3.2,23.0,12.5,-0.1,0.3,0.2,0.038,-5.6,0.6,-5.0,-0.2
Cole Aldrich,24,SAC,C,15,0,175,15.7,0.598,0.0,0.297,11.5,30.4,20.7,2.6,0.6,6.3,17.7,12.9,0.2,0.2,0.4,0.109,-1.0,0.5,-0.5,0.1
Dominic McGuire,27,TOR,SF,15,9,230,7.5,0.462,0.0,0.188,5.6,19.5,12.4,6.4,1.2,2.8,16.8,8.4,0.0,0.2,0.2,0.045,-3.8,1.0,-2.8,0.0
Dominic McGuire,27,NOH,SF,9,0,145,9.1,0.434,0.0,0.095,5.7,17.6,11.5,9.1,3.0,1.7,18.6,8.6,0.0,0.1,0.1,0.043,-3.1,2.5,-0.6,0.0
Dominic McGuire,27,IND,SF,2,1,12,-6.0,0.0,0.0,0.667,9.5,9.1,9.3,11.5,0.0,0.0,0.0,14.7,-0.1,0.0,-0.1,-0.239,-9.1,-5.1,-14.2,0.0
MickaÃ«l PiÃ©trus,30,TOR,SF,19,16,386,6.0,0.472,0.653,0.184,1.5,9.7,5.5,3.5,1.7,1.2,13.1,14.7,-0.3,0.2,0.0,-0.004,-3.8,-0.9,-4.8,-0.3
Jason Collins,34,BOS,C,32,7,330,3.0,0.511,0.0,1.304,7.8,10.8,9.3,2.5,1.6,1.4,30.7,7.5,-0.1,0.4,0.3,0.049,-7.7,0.8,-7.0,-0.4
Jason Collins,34,WAS,C,6,2,54,2.9,0.291,0.0,0.333,2.0,14.5,8.2,5.2,1.9,5.9,22.5,7.5,-0.1,0.1,0.0,0.016,-8.9,3.7,-5.2,0.0
Anthony Morrow,27,ATL,SG,24,1,301,12.3,0.526,0.342,0.162,3.9,6.0,4.9,4.8,2.1,0.3,3.3,18.9,0.4,0.3,0.6,0.1,-1.5,0.7,-0.8,0.1
Anthony Morrow,27,DAL,SG,17,0,82,10.9,0.545,0.147,0.118,1.4,4.0,2.7,8.3,0.6,0.0,10.1,22.1,0.0,0.0,0.0,0.028,-3.3,-2.4,-5.7,-0.1
Reggie Williams,26,CHA,SF,40,0,380,13.2,0.517,0.545,0.159,2.3,13.3,7.7,18.2,1.7,0.2,11.9,19.2,0.2,0.1,0.3,0.035,0.2,-1.6,-1.4,0.1
Mike Scott,24,ATL,PF,40,1,376,16.3,0.533,0.007,0.381,12.1,21.3,16.7,5.4,0.6,0.4,10.9,23.7,0.5,0.4,0.9,0.11,-0.9,-2.6,-3.5,-0.1
Linas Kleiza,28,TOR,SF,20,3,376,8.2,0.46,0.458,0.264,3.1,13.5,8.2,6.9,0.6,0.4,8.0,21.6,-0.1,0.2,0.1,0.013,-3.0,-2.4,-5.4,-0.3
Lou Amundson,30,MIN,PF,20,0,161,6.3,0.342,0.0,0.526,15.9,17.6,16.7,2.8,2.2,2.9,19.0,16.1,-0.4,0.2,-0.1,-0.038,-6.9,-1.0,-7.9,-0.2
Lou Amundson,30,CHI,PF,1,0,2,0.0,0.0,0.0,0.0,56.7,0.0,28.7,0.0,0.0,0.0,0.0,23.0,0.0,0.0,0.0,-0.274,-4.7,-18.2,-22.8,0.0
Lou Amundson,30,NOH,PF,18,0,209,11.7,0.449,0.0,0.381,13.4,19.7,16.5,5.8,2.3,2.4,14.0,12.7,0.1,0.2,0.3,0.065,-2.1,1.0,-1.1,0.0
Jeff Ayres,25,IND,PF,37,0,369,14.5,0.533,0.032,0.183,8.9,22.2,15.7,7.2,0.9,2.4,14.5,19.7,0.3,0.7,1.0,0.129,-1.9,0.9,-1.0,0.1
Timofey Mozgov,26,DEN,C,41,1,366,12.3,0.549,0.023,0.299,15.6,17.1,16.4,3.4,0.8,3.8,20.3,14.6,0.3,0.4,0.7,0.096,-2.8,-1.0,-3.7,-0.2
Tyrus Thomas,26,CHA,PF,26,2,360,9.6,0.418,0.059,0.228,4.9,14.4,9.5,9.1,2.0,3.4,10.2,21.1,-0.4,0.2,-0.2,-0.025,-5.1,-1.0,-6.1,-0.4
Johan Petro,27,ATL,C,31,8,352,11.0,0.468,0.036,0.109,10.9,25.3,18.2,7.1,1.5,2.0,17.2,18.3,-0.2,0.6,0.4,0.048,-4.8,-0.3,-5.0,-0.3
Jared Jeffries,31,POR,PF,38,0,350,2.4,0.343,0.037,0.426,8.5,11.4,10.0,5.6,0.9,1.3,21.0,10.6,-0.4,0.1,-0.3,-0.042,-6.8,-0.7,-7.4,-0.5
Quincy Acy,22,TOR,PF,29,0,342,15.9,0.632,0.027,0.507,10.3,16.6,13.4,5.2,2.0,3.5,15.6,14.7,0.7,0.4,1.1,0.157,-1.0,1.0,0.1,0.2
Dominique Jones,24,DAL,PG,29,3,338,12.4,0.438,0.083,0.486,6.0,8.7,7.4,36.2,2.1,0.5,22.3,23.0,-0.2,0.2,0.0,0.001,-1.7,-1.8,-3.4,-0.1
Kevin Jones,23,CLE,PF,32,0,334,11.1,0.418,0.0,0.14,12.6,14.5,13.5,4.8,1.4,1.2,6.6,16.2,0.1,0.2,0.2,0.032,-1.9,-2.2,-4.1,-0.2
Anthony Randolph,23,DEN,PF,39,0,329,15.6,0.534,0.07,0.395,10.1,22.1,16.2,5.5,2.9,5.0,21.7,22.5,-0.1,0.6,0.5,0.073,-3.6,0.7,-2.9,-0.1
Hamed Haddadi,27,MEM,C,13,0,87,7.4,0.343,0.0,0.095,13.3,19.4,16.3,6.9,0.6,5.7,15.5,13.7,-0.1,0.2,0.1,0.039,-6.1,0.8,-5.3,-0.1
Hamed Haddadi,27,PHO,C,17,0,235,11.2,0.479,0.0,0.41,15.6,26.7,21.0,5.2,1.1,6.7,27.3,18.7,-0.4,0.4,0.0,0.0,-6.7,0.2,-6.5,-0.3
Terrence Williams,25,BOS,SF,24,0,318,12.3,0.518,0.155,0.216,1.5,14.4,8.2,19.7,1.8,0.5,17.2,19.1,-0.1,0.4,0.3,0.046,-1.9,-0.5,-2.4,0.0
Rasheed Wallace,38,NYK,C,21,0,296,16.7,0.484,0.486,0.141,4.2,29.4,16.4,3.5,2.3,4.4,6.2,25.4,0.1,0.6,0.6,0.101,-1.0,0.0,-1.0,0.1
DeAndre Liggins,24,OKC,SG,39,1,290,9.4,0.528,0.404,0.383,5.5,14.7,10.5,7.2,3.2,0.8,20.3,10.8,0.1,0.5,0.6,0.092,-3.2,2.5,-0.7,0.1
Malcolm Lee,22,MIN,SG,16,12,289,9.8,0.46,0.316,0.263,5.8,9.8,7.7,10.7,2.1,1.6,10.5,14.7,0.1,0.3,0.4,0.059,-2.4,1.1,-1.3,0.0
Nolan Smith,24,POR,PG,40,0,288,7.1,0.435,0.246,0.246,2.8,8.2,5.5,19.9,1.3,0.3,18.7,24.7,-0.6,0.1,-0.5,-0.082,-4.7,-2.3,-6.9,-0.4
Chris Johnson,27,MIN,C,30,0,284,18.4,0.65,0.0,0.453,7.8,16.6,12.1,4.9,1.3,7.6,12.6,16.2,0.6,0.4,1.0,0.176,-1.2,2.8,1.6,0.3
Perry Jones,21,OKC,SF,38,1,280,7.8,0.417,0.02,0.152,5.3,19.1,12.7,5.5,0.9,1.6,12.4,19.6,-0.4,0.4,0.0,-0.003,-5.8,-1.5,-7.3,-0.4
Terrence Jones,21,HOU,PF,19,0,276,17.1,0.512,0.202,0.181,11.6,15.0,13.4,8.6,2.2,5.2,11.4,18.1,0.3,0.4,0.7,0.128,0.3,1.4,1.7,0.3
Tony Wroten,19,MEM,SG,35,0,272,9.3,0.461,0.186,0.337,5.5,6.6,6.1,25.2,1.6,1.2,22.7,21.7,-0.2,0.3,0.1,0.017,-3.5,-0.2,-3.8,-0.1
Kwame Brown,30,PHI,C,22,11,269,8.8,0.452,0.0,0.514,9.4,22.1,15.5,4.7,1.2,2.9,15.0,9.1,0.0,0.4,0.4,0.071,-4.9,0.0,-4.9,-0.2
Kent Bazemore,23,GSW,SG,61,0,267,11.3,0.454,0.293,0.379,2.1,6.8,4.5,13.1,3.2,1.2,11.7,25.7,-0.3,0.3,0.1,0.014,-3.1,0.7,-2.4,0.0
Donald Sloan,25,CLE,SG,20,0,257,9.9,0.455,0.244,0.321,1.3,11.8,6.3,22.0,1.0,0.0,12.7,17.7,0.1,0.0,0.1,0.022,-1.7,-1.2,-2.9,-0.1
Donald Sloan,25,NOH,PG,3,0,6,-3.3,,,,0.0,0.0,0.0,22.3,0.0,0.0,100.0,7.8,0.0,0.0,0.0,-0.212,-5.6,-3.7,-9.4,0.0
Corey Maggette,33,DET,SF,18,0,257,7.9,0.489,0.276,0.632,2.2,9.1,5.6,11.4,1.2,0.6,14.9,20.2,0.0,0.1,0.1,0.017,-4.9,-0.9,-5.9,-0.2
Troy Murphy,32,DAL,PF,14,1,256,9.1,0.494,0.574,0.18,3.1,17.9,10.7,3.8,2.0,1.8,9.6,13.0,0.0,0.3,0.3,0.062,-2.7,0.8,-1.9,0.0
Marcus Camby,38,NYK,PF,24,4,250,8.6,0.342,0.0,0.358,10.9,27.1,18.7,8.1,1.5,4.8,19.6,14.3,-0.4,0.4,0.0,0.007,-4.8,1.2,-3.6,-0.1
DeSagana Diop,31,CHA,C,22,1,226,6.6,0.292,0.037,0.037,4.9,21.4,12.9,8.5,1.2,5.7,22.6,7.1,-0.3,0.2,-0.1,-0.017,-5.2,0.5,-4.7,-0.2
Viacheslav Kravtsov,25,DET,C,25,0,224,14.4,0.618,0.0,0.804,12.1,11.0,11.6,6.6,1.2,3.2,18.4,15.5,0.3,0.1,0.4,0.086,-1.4,-0.6,-2.0,0.0
James Jones,32,MIA,SF,38,0,221,8.1,0.478,0.869,0.066,0.0,11.6,6.1,8.4,0.5,2.2,4.6,14.2,0.1,0.2,0.2,0.054,-2.0,-1.0,-3.0,-0.1
Tyshawn Taylor,22,BRK,PG,38,0,221,6.2,0.43,0.149,0.31,1.1,8.6,4.8,15.9,3.2,0.0,20.2,25.8,-0.6,0.2,-0.4,-0.077,-6.9,-0.5,-7.4,-0.3
Jeremy Evans,25,UTA,PF,37,0,215,19.9,0.641,0.023,0.75,14.0,17.6,15.8,8.0,2.0,4.8,12.0,14.1,0.7,0.3,0.9,0.208,0.9,1.3,2.2,0.2
Josh Howard,32,MIN,SF,11,4,207,9.5,0.45,0.208,0.156,4.8,15.4,9.9,3.2,2.5,1.1,10.8,20.0,-0.2,0.3,0.0,0.009,-3.9,0.1,-3.8,-0.1
Robert Sacre,23,LAL,C,32,3,203,3.4,0.407,0.0,0.229,5.0,13.2,9.2,4.3,0.0,3.6,15.9,13.8,-0.2,0.1,-0.1,-0.024,-8.0,-0.7,-8.8,-0.4
Maalik Wayns,21,PHI,PG,21,1,165,1.8,0.356,0.347,0.208,0.7,2.8,1.7,18.4,1.0,0.0,14.2,25.6,-0.6,0.1,-0.5,-0.147,-8.2,-4.1,-12.4,-0.4
Maalik Wayns,21,LAC,PG,6,0,37,19.5,0.563,0.375,0.25,0.0,6.3,3.2,30.9,4.3,0.0,10.1,24.4,0.1,0.1,0.2,0.227,-1.4,2.2,0.9,0.0
Ben Hansbrough,25,IND,PG,28,0,200,7.2,0.501,0.511,0.6,1.1,8.8,5.0,16.1,1.9,0.7,24.0,17.1,-0.1,0.3,0.2,0.044,-5.2,1.0,-4.2,-0.1
Shavlik Randolph,29,BOS,PF,16,0,198,15.9,0.559,0.0,0.563,17.2,24.3,20.9,3.3,2.1,2.8,14.3,16.7,0.3,0.4,0.7,0.159,-2.7,-0.8,-3.5,-0.1
Devin Ebanks,23,LAL,SF,19,3,197,6.3,0.411,0.301,0.192,5.7,16.9,11.5,7.8,0.8,0.4,12.2,20.4,-0.2,0.1,-0.1,-0.025,-5.3,-2.5,-7.7,-0.3
Samardo Samuels,24,CLE,C,18,1,196,6.2,0.411,0.017,0.4,5.6,11.2,8.3,6.3,0.8,1.2,7.8,17.4,-0.1,0.0,-0.1,-0.016,-4.6,-1.6,-6.2,-0.2
Hedo TÃ¼rkoÄlu,33,ORL,SF,11,1,189,3.4,0.288,0.453,0.113,2.4,13.2,7.8,17.2,1.9,0.4,17.7,16.3,-0.6,0.1,-0.5,-0.116,-7.5,-0.7,-8.2,-0.3
Jon Leuer,23,CLE,C,9,0,91,3.3,0.359,0.107,0.214,6.1,10.7,8.3,8.5,1.1,0.0,14.0,17.5,-0.2,0.0,-0.2,-0.092,-6.5,-2.7,-9.3,-0.2
Jon Leuer,23,MEM,PF,19,0,96,17.2,0.628,0.0,0.292,9.7,20.1,14.8,5.3,2.3,0.0,10.0,14.4,0.2,0.2,0.4,0.198,-0.2,1.3,1.0,0.1
Earl Barron,31,WAS,C,11,1,122,6.9,0.357,0.0,0.135,14.4,24.7,19.5,3.9,2.1,3.2,20.3,18.4,-0.3,0.3,-0.1,-0.025,-8.3,-0.5,-8.9,-0.2
Earl Barron,31,NYK,C,1,1,37,15.4,0.37,0.0,0.143,18.4,39.3,28.5,8.7,0.0,2.3,6.3,20.1,0.0,0.1,0.1,0.069,-1.3,-3.6,-4.9,0.0
Drew Gooden,31,MIL,C,16,0,151,7.7,0.382,0.082,0.262,8.9,13.3,11.0,6.1,1.7,2.9,11.7,22.2,-0.3,0.2,-0.1,-0.034,-6.1,-0.6,-6.7,-0.2
Diante Garrett,24,PHO,PG,19,0,149,9.0,0.375,0.306,0.204,3.7,7.8,5.7,31.3,3.4,0.0,23.1,20.7,-0.3,0.1,-0.2,-0.073,-3.6,-0.9,-4.4,-0.1
Jeremy Lamb,20,OKC,SF,23,0,147,11.2,0.479,0.441,0.206,4.2,9.4,7.0,5.4,0.7,1.0,7.5,24.8,0.1,0.1,0.2,0.058,-2.7,-2.7,-5.4,-0.1
Vladimir RadmanoviÄ,32,CHI,PF,25,0,144,6.3,0.372,0.628,0.07,7.9,14.5,11.2,8.6,3.0,2.1,13.6,16.4,-0.2,0.3,0.1,0.02,-6.6,1.2,-5.4,-0.1
Justin Holiday,23,PHI,SG,9,0,142,7.6,0.408,0.333,0.167,0.0,11.5,5.6,16.0,1.1,3.3,14.9,19.6,-0.3,0.1,-0.1,-0.042,-4.4,-0.6,-5.0,-0.1
Aron Baynes,26,SAS,C,16,0,141,8.8,0.521,0.028,0.333,10.4,15.5,13.1,5.2,0.4,3.1,21.0,17.1,0.0,0.2,0.1,0.05,-6.4,-0.6,-7.0,-0.2
Terrel Harris,25,MIA,SG,7,0,29,7.2,0.434,0.125,1.0,18.0,20.1,19.1,9.5,0.0,0.0,25.8,25.6,0.0,0.0,0.0,-0.04,-5.2,-4.6,-9.8,-0.1
Terrel Harris,25,NOH,SG,13,0,108,-6.8,0.126,0.368,0.105,0.0,19.1,9.4,8.9,1.0,2.3,39.5,14.2,-0.7,0.1,-0.6,-0.267,-12.6,-0.7,-13.3,-0.3
Brandon Roy,28,MIN,SG,5,5,122,8.3,0.368,0.257,0.286,2.7,10.6,6.6,28.8,1.3,0.0,15.1,17.0,-0.1,0.1,0.0,-0.017,-3.5,-0.8,-4.2,-0.1
Al Harrington,32,ORL,C,10,0,119,10.3,0.434,0.526,0.07,5.7,19.9,12.8,13.7,1.8,0.6,10.6,25.1,-0.1,0.1,0.0,-0.012,-3.0,-1.5,-4.5,-0.1
Daniel Orton,22,OKC,C,13,0,104,14.0,0.493,0.0,0.654,15.5,13.4,14.3,5.7,2.0,2.2,10.7,16.4,0.1,0.1,0.3,0.135,-2.6,-0.4,-3.1,0.0
Chris Johnson,22,MEM,SF,8,0,102,10.7,0.56,0.72,0.08,5.7,7.1,6.4,3.1,2.1,0.0,10.4,13.1,0.1,0.1,0.2,0.112,-0.1,0.6,0.5,0.1
Josh Childress,29,BRK,SF,14,0,100,7.0,0.32,0.143,0.095,7.0,10.7,8.9,7.3,1.1,1.5,0.0,10.1,0.0,0.1,0.1,0.029,-2.7,-0.6,-3.3,0.0
Tornike Shengelia,21,BRK,SF,19,0,93,8.5,0.499,0.087,0.696,11.4,17.9,14.6,5.1,1.7,0.8,26.8,20.3,-0.1,0.1,0.0,-0.017,-5.2,-1.3,-6.5,-0.1
D.J. White,26,BOS,PF,12,0,86,14.7,0.538,0.0,0.391,5.7,12.0,8.9,7.5,0.6,5.5,6.9,15.9,0.1,0.1,0.2,0.117,-0.6,-0.3,-0.9,0.0
Keyon Dooling,32,MEM,PG,7,0,82,11.2,0.644,0.571,0.333,0.0,1.5,0.7,15.6,0.7,0.0,17.2,16.4,0.2,0.1,0.2,0.128,-1.2,-0.2,-1.4,0.0
Chris Quinn,29,CLE,SG,7,0,78,1.3,0.296,0.313,0.125,1.4,1.6,1.5,16.3,2.0,0.0,26.2,13.1,-0.2,0.0,-0.2,-0.124,-7.2,-1.9,-9.2,-0.1
Danny Granger,29,IND,SF,5,0,74,4.0,0.35,0.286,0.229,4.6,8.9,6.8,6.9,1.4,1.0,9.4,26.2,-0.2,0.1,-0.1,-0.075,-6.3,-2.4,-8.7,-0.1
Joel Przybilla,33,MIL,C,12,1,68,3.3,0.205,0.0,0.5,7.6,26.2,16.6,7.6,0.7,2.1,45.0,5.7,-0.1,0.1,0.0,-0.005,-7.3,0.2,-7.1,-0.1
Jeremy Tyler,21,GSW,C,20,0,63,6.1,0.413,0.0,0.25,10.8,18.7,14.9,2.5,0.8,2.5,18.4,23.2,-0.2,0.1,-0.1,-0.063,-7.6,-1.8,-9.4,-0.1
Jeremy Tyler,21,ATL,C,1,0,5,8.5,,,,0.0,67.7,34.3,0.0,0.0,0.0,,0.0,0.0,0.0,0.0,0.122,-3.7,0.5,-3.2,0.0
Chris Douglas-Roberts,26,DAL,SG,6,0,63,8.3,0.462,0.286,0.714,0.0,8.7,4.4,8.9,1.6,0.0,5.2,14.0,0.0,0.0,0.1,0.041,-3.9,0.2,-3.8,0.0
Josh Selby,21,MEM,PG,10,0,59,0.1,0.373,0.273,0.5,0.0,10.2,5.0,10.5,1.8,0.0,20.7,26.4,-0.3,0.1,-0.2,-0.143,-10.1,-2.3,-12.4,-0.2
Luke Zeller,25,PHO,C,16,0,58,5.6,0.365,0.192,0.0,1.9,18.0,9.8,8.4,0.0,0.0,0.0,19.9,-0.1,0.0,-0.1,-0.047,-4.1,-3.0,-7.2,-0.1
Jarvis Varnado,24,BOS,PF,5,0,18,12.8,0.521,0.0,1.0,6.8,12.7,9.8,8.6,2.9,0.0,14.8,17.8,0.0,0.0,0.0,0.083,-1.5,1.1,-0.4,0.0
Jarvis Varnado,24,MIA,PF,8,0,40,-4.1,0.333,0.0,0.0,3.3,14.6,9.2,6.5,0.0,4.1,62.5,9.6,-0.1,0.0,-0.1,-0.122,-13.0,-0.5,-13.5,-0.1
Malcolm Thomas,24,GSW,PF,5,0,21,8.8,0.543,0.0,4.0,0.0,25.4,13.1,12.1,0.0,3.7,26.6,8.0,0.0,0.0,0.0,0.077,-2.2,2.6,0.4,0.0
Malcolm Thomas,24,CHI,PF,7,0,36,16.7,0.558,0.0,0.444,15.8,19.4,17.5,9.3,3.0,2.1,15.7,16.3,0.1,0.1,0.1,0.166,-1.7,2.0,0.2,0.0
Miles Plumlee,24,IND,C,14,0,55,8.8,0.286,0.0,0.19,24.8,19.9,22.3,5.7,0.0,4.0,11.6,21.4,-0.1,0.1,0.0,-0.015,-5.0,-2.9,-7.8,-0.1
Kris Joseph,24,BOS,SF,6,0,24,-3.2,0.274,0.182,0.364,5.1,19.1,12.3,6.2,0.0,0.0,13.6,29.1,-0.2,0.0,-0.1,-0.275,-11.6,-5.6,-17.1,-0.1
Kris Joseph,24,BRK,SF,4,0,30,3.7,0.21,0.333,1.333,0.0,7.9,3.9,0.0,5.4,0.0,0.0,7.3,-0.1,0.0,0.0,-0.008,-6.4,2.4,-4.1,0.0
Kevin Murphy,22,UTA,SG,17,0,52,-4.5,0.268,0.179,0.0,0.0,9.1,4.5,6.1,1.0,0.0,9.7,27.1,-0.3,0.0,-0.3,-0.272,-11.4,-5.4,-16.8,-0.2
Juwan Howard,39,MIA,PF,7,2,51,9.9,0.54,0.0,0.053,0.0,18.3,9.7,19.8,0.0,0.0,17.1,22.0,0.0,0.0,0.0,0.039,-7.3,-2.0,-9.3,-0.1
Fab Melo,22,BOS,C,6,0,36,4.9,0.451,0.0,0.667,0.0,9.6,4.9,0.0,2.9,4.4,11.4,11.5,0.0,0.1,0.0,0.021,-8.3,0.7,-7.6,-0.1
Tyler Honeycutt,22,SAC,SF,9,0,32,1.9,0.337,0.182,0.182,10.5,25.8,18.0,9.1,0.0,2.4,29.6,23.4,-0.2,0.0,-0.1,-0.22,-8.4,-4.8,-13.2,-0.1
Cory Higgins,23,CHA,SG,6,0,32,12.6,0.352,0.263,0.105,3.5,7.4,5.4,29.8,4.9,0.0,0.0,28.3,0.0,0.0,0.0,-0.022,-3.5,0.2,-3.3,0.0
Dexter Pittman,24,MIA,C,4,0,12,17.0,0.6,0.0,0.0,43.5,29.1,35.9,0.0,0.0,0.0,28.6,27.9,0.0,0.0,0.0,0.114,-6.0,-5.4,-11.3,0.0
Dexter Pittman,24,MEM,C,7,0,20,-7.7,0.137,0.0,0.5,17.4,12.0,14.8,0.0,0.0,0.0,12.0,19.2,-0.1,0.0,-0.1,-0.239,-15.9,-7.4,-23.2,-0.1
Josh Harrellson,23,MIA,C,6,0,31,8.5,0.506,0.556,0.222,12.6,15.0,13.9,0.0,1.7,2.6,23.3,19.9,0.0,0.0,0.0,0.002,-4.5,-1.4,-5.9,0.0
Lazar Hayward,26,MIN,SF,4,0,31,11.2,0.396,0.4,0.6,0.0,15.2,7.4,14.2,3.3,0.0,0.0,18.3,0.0,0.0,0.1,0.087,-3.7,1.8,-1.9,0.0
Quentin Richardson,32,NYK,SF,1,0,29,0.7,0.21,0.364,0.182,19.5,20.9,20.2,4.8,0.0,0.0,14.4,22.4,-0.1,0.0,-0.1,-0.181,-7.9,-7.1,-14.9,-0.1
Julyan Stone,24,DEN,PG,4,0,28,11.4,0.931,0.0,2.0,8.2,3.9,6.0,9.3,1.8,0.0,34.7,8.9,0.1,0.0,0.1,0.128,-2.0,1.9,-0.1,0.0
Jared Cunningham,21,DAL,SG,8,0,26,14.8,0.538,0.214,0.143,4.4,8.4,6.4,6.8,2.0,0.0,11.8,29.6,0.0,0.0,0.0,0.033,0.4,-1.9,-1.5,0.0
Quincy Miller,20,DEN,PF,7,0,26,5.9,0.349,0.083,0.167,4.4,4.2,4.3,16.8,1.9,0.0,7.2,23.1,0.0,0.0,0.0,-0.051,-6.6,-2.5,-9.2,0.0
Solomon Jones,28,NYK,PF,2,1,26,-5.7,0.0,0.0,0.0,4.4,9.3,6.8,0.0,0.0,3.3,75.0,7.2,-0.1,0.0,-0.1,-0.172,-9.7,-1.2,-10.9,-0.1
Eddy Curry,30,DAL,C,2,0,25,-0.2,0.461,0.0,0.5,9.1,8.7,8.9,0.0,0.0,0.0,23.5,23.3,-0.1,0.0,-0.1,-0.146,-11.2,-3.7,-14.9,-0.1
Brandon Rush,27,GSW,SF,2,0,25,11.9,0.678,0.222,0.333,0.0,4.3,2.2,14.5,0.0,0.0,22.5,23.9,0.0,0.0,0.0,0.051,-2.7,1.7,-1.0,0.0
Scott Machado,22,HOU,PG,6,0,21,6.0,0.581,0.167,0.333,0.0,5.3,2.7,44.2,4.8,0.0,53.8,31.0,-0.1,0.0,-0.1,-0.23,-5.9,-2.9,-8.8,0.0
Will Conroy,30,MIN,PG,4,0,20,-15.2,0.051,0.333,0.222,5.5,0.0,2.9,0.0,0.0,0.0,0.0,22.1,-0.2,0.0,-0.2,-0.433,-16.4,-8.5,-24.9,-0.1
Tim Ohlbrecht,24,HOU,C,3,0,12,-6.1,0.436,0.0,0.333,0.0,9.3,4.7,11.8,4.2,0.0,53.8,27.1,-0.1,0.0,-0.1,-0.369,-17.2,0.0,-17.2,0.0
Josh Akognon,26,DAL,PG,3,0,9,15.3,0.625,0.5,0.0,0.0,12.1,6.2,19.4,0.0,0.0,0.0,20.3,0.0,0.0,0.0,0.196,-3.1,0.1,-3.0,0.0
DaJuan Summers,25,LAC,PF,2,0,7,4.3,0.25,0.0,0.0,0.0,33.5,17.0,21.7,0.0,0.0,0.0,26.1,0.0,0.0,0.0,-0.124,-6.3,-2.6,-8.9,0.0
Darius Johnson-Odom,23,LAL,SG,4,0,6,-6.7,0.0,0.25,0.0,18.9,53.7,36.7,21.7,0.0,0.0,0.0,29.7,-0.1,0.0,-0.1,-0.439,-15.0,-6.0,-21.0,0.0
Matt Carroll,32,CHA,SG,1,0,6,2.9,,,,0.0,0.0,0.0,23.4,0.0,0.0,,0.0,0.0,0.0,0.0,0.029,-6.8,-3.2,-10.0,0.0
Andrew Goudelock,24,LAL,SG,1,0,6,-6.4,0.0,0.0,0.0,18.9,0.0,9.2,0.0,0.0,0.0,0.0,14.8,0.0,0.0,0.0,-0.264,-9.7,-6.2,-15.9,0.0
Henry Sims,22,NOH,C,2,0,5,29.2,0.667,0.0,0.0,46.8,0.0,23.8,0.0,0.0,0.0,25.0,37.2,0.0,0.0,0.0,0.061,5.2,-6.4,-1.2,0.0
Darko MiliÄiÄ,27,BOS,C,1,0,5,-30.2,0.0,0.0,0.0,0.0,22.9,11.8,0.0,0.0,0.0,66.7,28.4,-0.1,0.0,-0.1,-0.779,-32.8,-5.5,-38.3,0.0
Chris Wright,23,DAL,SG,3,0,4,-1.9,0.5,0.0,0.0,0.0,0.0,0.0,0.0,0.0,0.0,33.3,34.2,0.0,0.0,0.0,-0.375,-10.8,-8.5,-19.2,0.0
Justin Dentmon,27,DAL,PG,2,0,4,-19.4,0.0,0.0,0.0,0.0,0.0,0.0,0.0,0.0,0.0,0.0,22.8,0.0,0.0,0.0,-0.571,-15.7,-8.9,-24.7,0.0
Damion James,25,BRK,SF,2,0,0,,,,,,,,,,,,,0.0,0.0,0.0,,,,,0.0
