Player,Age,Team,Pos,G,GS,MP,FG,FGA,FG%,3P,3PA,3P%,2P,2PA,2P%,eFG%,FT,FTA,FT%,ORB,DRB,TRB,AST,STL,BLK,TOV,PF,PTS
Kobe Bryant,27,LAL,SG,80,80,41.0,12.2,27.2,0.45,2.3,6.5,0.347,10.0,20.7,0.482,0.491,8.7,10.2,0.85,0.9,4.4,5.3,4.5,1.8,0.4,3.1,2.9,35.4
Allen Iverson,30,PHI,PG,72,72,43.1,11.3,25.3,0.447,1.0,3.1,0.323,10.3,22.2,0.465,0.467,9.4,11.5,0.814,0.6,2.6,3.2,7.4,1.9,0.1,3.4,1.7,33.0
LeBron James,21,CLE,SF,79,79,42.5,11.1,23.1,0.48,1.6,4.8,0.335,9.5,18.3,0.518,0.515,7.6,10.3,0.738,0.9,6.1,7.0,6.6,1.6,0.8,3.3,2.3,31.4
Gilbert Arenas,24,WAS,PG,80,80,42.3,9.3,20.9,0.447,2.5,6.8,0.369,6.8,14.1,0.485,0.507,8.2,10.0,0.82,0.7,2.8,3.5,6.1,2.0,0.3,3.7,3.6,29.3
Dwyane Wade,24,MIA,SG,75,75,38.6,9.3,18.8,0.495,0.2,1.0,0.171,9.1,17.8,0.513,0.499,8.4,10.7,0.783,1.4,4.3,5.7,6.7,1.9,0.8,3.6,2.9,27.2
Paul Pierce,28,BOS,SF,79,79,39.0,8.7,18.5,0.471,1.4,4.0,0.354,7.3,14.5,0.503,0.509,7.9,10.3,0.772,1.0,5.7,6.7,4.7,1.4,0.4,3.5,2.8,26.8
Dirk Nowitzki,27,DAL,PF,81,81,38.1,9.3,19.3,0.48,1.4,3.3,0.406,7.9,16.0,0.496,0.515,6.7,7.4,0.901,1.4,7.6,9.0,2.8,0.7,1.0,1.9,2.0,26.6
Carmelo Anthony,21,DEN,SF,80,80,36.8,9.5,19.7,0.481,0.5,1.9,0.243,9.0,17.8,0.506,0.493,7.2,8.9,0.808,1.5,3.4,4.9,2.7,1.1,0.5,2.7,2.9,26.5
Michael Redd,26,MIL,SG,80,80,39.1,8.5,19.0,0.45,2.0,5.2,0.395,6.5,13.8,0.471,0.504,6.3,7.1,0.877,1.0,3.3,4.3,2.9,1.2,0.1,2.1,2.0,25.4
Ray Allen,30,SEA,SG,78,78,38.7,8.7,19.2,0.454,3.4,8.4,0.412,5.3,10.9,0.486,0.544,4.2,4.6,0.903,0.9,3.3,4.3,3.7,1.3,0.2,2.4,1.9,25.1
Elton Brand,26,LAC,PF,79,79,39.2,9.6,18.2,0.527,0.0,0.0,0.333,9.6,18.1,0.527,0.527,5.6,7.2,0.775,3.0,7.0,10.0,2.6,1.0,2.5,2.2,2.9,24.7
Tracy McGrady,26,HOU,SF,47,47,37.1,8.7,21.5,0.406,1.6,5.0,0.312,7.2,16.5,0.434,0.442,5.4,7.2,0.747,1.0,5.6,6.5,4.8,1.3,0.9,2.6,1.9,24.4
Vince Carter,29,NJN,SG,79,79,36.8,8.3,19.2,0.43,1.6,4.6,0.341,6.7,14.6,0.459,0.471,6.1,7.6,0.799,1.7,4.1,5.8,4.3,1.2,0.7,2.7,3.0,24.2
Jason Richardson,25,GSW,SG,75,75,38.4,8.5,19.2,0.446,2.4,6.4,0.384,6.1,12.8,0.477,0.509,3.7,5.5,0.673,1.4,4.4,5.8,3.1,1.3,0.5,2.2,2.7,23.2
Chris Bosh,21,TOR,C,70,70,39.3,7.8,15.5,0.505,0.0,0.2,0.0,7.8,15.3,0.511,0.505,6.8,8.3,0.816,2.9,6.3,9.2,2.6,0.7,1.1,2.2,3.0,22.5
Yao Ming,25,HOU,C,57,57,34.2,8.2,15.8,0.519,0.0,0.0,0.0,8.2,15.8,0.519,0.519,5.9,6.9,0.853,2.6,7.6,10.2,1.5,0.5,1.6,2.6,3.4,22.3
Kevin Garnett,29,MIN,PF,76,76,38.9,8.2,15.7,0.526,0.1,0.4,0.267,8.1,15.3,0.532,0.529,5.2,6.4,0.81,2.8,9.9,12.7,4.1,1.4,1.4,2.4,2.7,21.8
Shawn Marion,27,PHO,PF,81,81,40.3,8.8,16.9,0.525,1.2,3.6,0.331,7.7,13.3,0.577,0.56,3.0,3.7,0.809,3.1,8.8,11.8,1.8,2.0,1.7,1.5,2.8,21.8
Mike Bibby,27,SAC,PG,82,82,38.6,7.3,16.9,0.432,2.3,6.1,0.386,4.9,10.8,0.458,0.501,4.2,4.9,0.849,0.4,2.6,2.9,5.4,1.0,0.1,2.4,2.1,21.1
Antawn Jamison,29,WAS,SF,82,80,40.1,8.0,18.2,0.442,1.8,4.5,0.394,6.3,13.7,0.458,0.491,2.6,3.6,0.731,2.0,7.3,9.3,1.9,1.1,0.1,1.7,2.3,20.5
Pau Gasol,25,MEM,PF,80,80,39.2,7.5,14.9,0.503,0.0,0.2,0.25,7.5,14.8,0.505,0.504,5.3,7.7,0.689,2.4,6.5,8.9,4.6,0.6,1.9,2.9,2.3,20.4
Mike James,30,TOR,PG,79,79,37.0,7.3,15.5,0.469,2.1,4.8,0.442,5.2,10.7,0.481,0.538,3.6,4.3,0.837,0.6,2.7,3.3,5.8,0.9,0.0,2.6,2.7,20.3
Joe Johnson,24,ATL,SG,82,82,40.7,7.7,17.0,0.453,1.6,4.4,0.356,6.1,12.6,0.487,0.499,3.2,4.0,0.791,1.2,2.9,4.1,6.5,1.3,0.4,3.3,2.3,20.2
Chris Webber,32,PHI,PF,75,75,38.6,8.2,19.0,0.434,0.3,1.0,0.273,7.9,17.9,0.443,0.441,3.5,4.6,0.756,2.5,7.4,9.9,3.4,1.4,0.8,2.4,2.9,20.2
Richard Hamilton,27,DET,SG,80,80,35.3,8.1,16.5,0.491,0.7,1.5,0.458,7.4,15.0,0.494,0.512,3.2,3.8,0.845,1.1,2.2,3.2,3.4,0.7,0.2,2.2,2.6,20.1
Rashard Lewis,26,SEA,SF,78,77,36.9,6.9,14.8,0.467,1.8,4.7,0.384,5.1,10.0,0.507,0.529,4.5,5.5,0.818,1.4,3.6,5.0,2.3,1.3,0.6,1.8,2.4,20.1
Jermaine O'Neal,27,IND,PF,51,47,35.3,7.5,15.8,0.472,0.1,0.2,0.3,7.4,15.6,0.474,0.474,5.1,7.2,0.709,2.0,7.3,9.3,2.6,0.5,2.3,3.0,3.5,20.1
Shaquille O'Neal,33,MIA,C,59,58,30.6,8.1,13.6,0.6,0.0,0.0,,8.1,13.6,0.6,0.6,3.7,8.0,0.469,2.9,6.3,9.2,1.9,0.4,1.8,2.8,3.9,20.0
Richard Jefferson,25,NJN,SF,78,78,39.2,6.3,12.9,0.493,0.8,2.4,0.319,5.6,10.5,0.532,0.522,6.0,7.4,0.812,1.2,5.6,6.8,3.8,0.8,0.2,2.2,2.5,19.5
Ricky Davis,26,BOS,SG,42,42,41.6,7.8,16.9,0.464,1.0,3.0,0.32,6.9,13.9,0.495,0.492,3.1,3.9,0.787,1.0,3.5,4.5,5.3,1.2,0.2,2.7,2.2,19.7
Ricky Davis,26,MIN,SF,36,36,40.6,7.1,16.5,0.429,0.9,3.3,0.282,6.2,13.3,0.464,0.456,4.1,5.0,0.807,0.7,3.9,4.6,4.8,1.2,0.2,2.7,2.8,19.1
Wally Szczerbiak,28,MIN,SF,40,40,38.9,7.3,14.8,0.495,1.5,3.6,0.406,5.9,11.2,0.523,0.544,4.1,4.6,0.896,0.9,3.9,4.8,2.8,0.5,0.4,2.2,2.3,20.1
Wally Szczerbiak,28,BOS,SF,32,31,36.7,6.3,13.2,0.476,1.4,3.5,0.393,4.9,9.7,0.506,0.528,3.6,4.0,0.898,1.3,2.6,3.8,3.2,0.6,0.1,1.6,1.9,17.5
Tony Parker,23,SAS,PG,80,80,33.9,7.8,14.2,0.548,0.1,0.5,0.306,7.7,13.8,0.556,0.553,3.2,4.5,0.707,0.5,2.8,3.3,5.8,1.0,0.1,3.1,2.0,18.9
Steve Nash,31,PHO,PG,79,79,35.4,6.8,13.4,0.512,1.9,4.3,0.439,4.9,9.0,0.548,0.583,3.3,3.5,0.921,0.6,3.6,4.2,10.5,0.8,0.2,3.5,1.5,18.8
Tim Duncan,29,SAS,PF,80,80,34.8,7.2,14.8,0.484,0.0,0.1,0.4,7.2,14.8,0.485,0.485,4.2,6.7,0.629,2.9,8.1,11.0,3.2,0.9,2.0,2.5,2.7,18.6
Al Harrington,25,ATL,PF,76,76,36.6,7.3,16.1,0.452,0.9,2.5,0.346,6.4,13.5,0.471,0.479,3.2,4.6,0.694,1.7,5.1,6.9,3.1,1.1,0.2,2.6,4.0,18.6
Chauncey Billups,29,DET,PG,81,81,36.1,5.2,12.5,0.418,2.3,5.2,0.433,3.0,7.2,0.407,0.509,5.7,6.4,0.894,0.5,2.6,3.1,8.6,0.9,0.1,2.1,2.0,18.5
Peja StojakoviÄ,28,SAC,SF,31,31,37.0,5.5,13.7,0.403,2.3,5.8,0.397,3.2,7.9,0.408,0.487,3.2,3.4,0.933,1.1,4.2,5.3,2.2,0.6,0.1,1.6,2.6,16.5
Peja StojakoviÄ,28,IND,SF,40,40,36.4,6.9,14.9,0.461,2.3,5.6,0.404,4.6,9.2,0.496,0.538,3.5,3.9,0.903,1.1,5.1,6.3,1.7,0.7,0.2,1.3,2.2,19.5
Mehmet Okur,26,UTA,PF,82,82,35.9,6.3,13.8,0.46,1.0,2.9,0.342,5.4,10.9,0.491,0.496,4.3,5.5,0.78,2.6,6.5,9.1,2.4,0.5,0.9,2.0,3.5,18.0
Zach Randolph,24,POR,PF,74,71,34.4,7.2,16.6,0.436,0.2,0.7,0.291,7.0,15.9,0.443,0.443,3.3,4.6,0.714,2.6,5.4,8.0,1.9,0.8,0.2,2.2,2.5,18.0
Baron Davis,26,GSW,PG,54,48,36.5,6.2,15.9,0.389,1.9,6.0,0.315,4.3,9.9,0.434,0.448,3.6,5.4,0.675,0.8,3.5,4.4,8.9,1.6,0.3,2.9,3.1,17.9
Corey Maggette,26,LAC,SF,32,13,29.5,5.2,11.7,0.445,0.8,2.2,0.338,4.5,9.5,0.47,0.477,6.6,8.0,0.828,0.9,4.4,5.3,2.1,0.6,0.1,2.4,3.0,17.8
Metta World Peace,26,IND,SF,16,16,37.7,6.8,14.8,0.46,1.1,3.4,0.333,5.7,11.4,0.497,0.498,4.6,7.6,0.612,1.6,3.3,4.9,2.2,2.6,0.7,2.7,2.8,19.4
Metta World Peace,26,SAC,SF,40,40,40.1,6.0,15.8,0.383,1.5,5.0,0.302,4.5,10.8,0.42,0.43,3.3,4.6,0.717,1.2,4.0,5.2,4.2,2.0,0.8,2.2,3.0,16.9
Caron Butler,25,WAS,SF,75,54,36.1,6.6,14.5,0.455,0.5,1.6,0.342,6.0,12.9,0.469,0.474,3.9,4.4,0.87,1.5,4.7,6.2,2.5,1.7,0.2,2.3,3.2,17.6
Sam Cassell,36,LAC,PG,78,75,34.0,6.3,14.3,0.443,0.9,2.4,0.368,5.4,11.8,0.459,0.475,3.7,4.3,0.863,0.5,3.2,3.7,6.3,0.9,0.1,2.2,2.9,17.2
Jason Terry,28,DAL,PG,80,80,35.0,6.5,13.7,0.47,2.1,5.2,0.411,4.3,8.5,0.505,0.547,2.1,2.6,0.8,0.4,1.6,2.0,3.8,1.3,0.3,1.7,2.5,17.1
David West,25,NOK,PF,74,74,34.1,7.2,14.0,0.512,0.0,0.1,0.273,7.1,13.9,0.514,0.513,2.7,3.2,0.843,2.3,5.1,7.4,1.2,0.8,0.9,1.4,2.9,17.1
Ben Gordon,22,CHI,SG,80,47,31.0,6.1,14.4,0.422,2.1,4.8,0.435,4.0,9.6,0.416,0.494,2.6,3.4,0.787,0.5,2.2,2.7,3.0,0.9,0.1,2.3,3.0,16.9
Morris Peterson,28,TOR,SG,82,77,38.3,5.8,13.4,0.436,2.2,5.5,0.395,3.7,7.9,0.465,0.517,2.9,3.6,0.82,0.8,3.9,4.6,2.3,1.3,0.2,1.5,2.7,16.8
Stephen Jackson,27,IND,SG,81,81,35.9,5.8,14.2,0.411,1.4,4.2,0.345,4.4,10.0,0.439,0.462,3.3,4.2,0.786,0.6,3.3,3.9,2.8,1.3,0.5,2.5,2.4,16.4
Carlos Boozer,24,UTA,PF,33,19,31.1,6.6,12.1,0.549,0.0,0.0,,6.6,12.1,0.549,0.549,3.0,4.2,0.723,2.2,6.4,8.6,2.7,0.9,0.2,2.1,3.2,16.3
Stephon Marbury,28,NYK,PG,60,60,36.6,5.8,12.9,0.451,0.6,1.7,0.317,5.3,11.2,0.472,0.472,4.1,5.4,0.755,0.4,2.5,2.9,6.4,1.1,0.1,2.6,2.4,16.3
Chris Paul,20,NOK,PG,78,78,36.0,5.2,12.1,0.43,0.6,2.3,0.282,4.6,9.9,0.464,0.456,5.1,6.0,0.847,0.8,4.3,5.1,7.8,2.2,0.1,2.3,2.8,16.1
Kirk Hinrich,25,CHI,PG,81,81,36.5,5.6,13.3,0.418,1.6,4.2,0.37,4.0,9.1,0.441,0.477,3.2,3.9,0.815,0.4,3.2,3.6,6.3,1.2,0.3,2.3,3.1,15.9
Dwight Howard,20,ORL,PF,82,81,36.8,5.7,10.7,0.531,0.0,0.0,0.0,5.7,10.7,0.532,0.531,4.3,7.3,0.595,3.5,9.0,12.5,1.5,0.8,1.4,2.6,3.4,15.8
Josh Howard,25,DAL,SF,59,58,32.5,5.9,12.6,0.471,0.5,1.1,0.429,5.5,11.5,0.475,0.489,3.3,4.5,0.734,2.1,4.2,6.3,1.9,1.2,0.4,1.3,2.8,15.6
Zydrunas Ilgauskas,30,CLE,C,78,78,29.3,5.8,11.4,0.506,0.0,0.1,0.0,5.8,11.3,0.509,0.506,4.1,4.9,0.834,3.1,4.4,7.6,1.2,0.5,1.7,2.0,3.6,15.6
Larry Hughes,27,CLE,SG,36,31,35.6,5.3,13.0,0.409,0.8,2.1,0.368,4.6,10.9,0.417,0.439,4.1,5.4,0.756,0.7,3.8,4.5,3.6,1.5,0.6,2.8,3.3,15.5
Andrei Kirilenko,24,UTA,SF,69,63,37.7,4.9,10.6,0.46,0.5,1.7,0.308,4.3,8.9,0.489,0.485,5.0,7.2,0.699,2.3,5.7,8.0,4.3,1.5,3.2,2.9,2.3,15.3
Gerald Wallace,23,CHA,SF,55,52,34.5,5.8,10.7,0.538,0.3,0.9,0.28,5.5,9.8,0.562,0.55,3.4,5.6,0.614,2.2,5.3,7.5,1.7,2.5,2.1,1.8,2.7,15.2
Manu GinÃ³bili,28,SAS,SG,65,56,27.9,4.8,10.3,0.462,1.3,3.3,0.382,3.5,7.0,0.5,0.524,4.3,5.5,0.778,0.6,2.9,3.5,3.6,1.6,0.4,1.9,2.4,15.1
Grant Hill,33,ORL,SF,21,17,29.2,5.7,11.6,0.49,0.1,0.4,0.25,5.6,11.2,0.498,0.494,3.7,4.9,0.765,0.7,3.1,3.8,2.3,1.1,0.3,1.7,2.4,15.1
Rasheed Wallace,31,DET,PF,80,80,34.8,5.7,13.3,0.43,1.9,5.4,0.357,3.8,7.9,0.48,0.503,1.7,2.3,0.743,1.1,5.7,6.8,2.3,1.0,1.6,1.1,2.9,15.1
Brad Miller,29,SAC,C,79,79,37.0,5.5,11.1,0.495,0.4,1.1,0.386,5.1,10.0,0.507,0.514,3.5,4.3,0.828,1.5,6.2,7.8,4.7,0.8,0.8,2.3,3.0,15.0
Hedo TÃ¼rkoÄlu,26,ORL,SF,78,59,33.5,5.1,11.2,0.454,1.5,3.6,0.403,3.6,7.6,0.478,0.519,3.3,3.8,0.861,0.9,3.4,4.3,2.8,0.9,0.3,1.7,3.0,14.9
Cuttino Mobley,30,LAC,SG,79,74,37.7,5.4,12.8,0.426,1.1,3.1,0.339,4.4,9.7,0.453,0.467,2.9,3.5,0.839,0.6,3.7,4.3,3.0,1.2,0.5,1.8,2.6,14.8
Lamar Odom,26,LAL,PF,80,80,40.3,5.6,11.6,0.481,1.0,2.7,0.372,4.6,8.9,0.514,0.524,2.7,3.9,0.69,2.3,7.0,9.2,5.5,0.9,0.8,2.7,3.2,14.8
Raja Bell,29,PHO,SG,79,79,37.5,5.4,11.8,0.457,2.5,5.6,0.442,2.9,6.1,0.471,0.563,1.5,1.8,0.788,0.6,2.6,3.2,2.6,1.0,0.3,1.1,3.1,14.7
Jameer Nelson,23,ORL,PG,62,33,28.8,5.6,11.6,0.483,1.1,2.7,0.424,4.5,8.9,0.5,0.531,2.3,2.9,0.779,0.6,2.3,2.9,4.9,1.1,0.1,2.4,2.8,14.6
Steve Francis,28,ORL,PG,46,45,37.7,5.4,12.5,0.433,0.4,1.5,0.257,5.0,11.0,0.457,0.449,5.0,6.3,0.797,1.3,3.5,4.8,5.7,1.1,0.2,3.4,3.1,16.2
Steve Francis,28,NYK,SG,24,15,27.5,3.5,7.9,0.442,0.3,0.5,0.538,3.2,7.4,0.435,0.461,3.5,4.5,0.761,0.6,2.4,3.0,3.5,1.0,0.3,2.4,2.6,10.8
Jamal Crawford,25,NYK,SG,79,27,32.3,4.6,11.1,0.416,1.3,3.7,0.345,3.4,7.4,0.452,0.474,3.7,4.5,0.826,0.5,2.7,3.1,3.8,1.1,0.2,2.2,1.9,14.3
Luol Deng,20,CHI,SF,78,56,33.4,5.7,12.2,0.463,0.3,1.0,0.269,5.4,11.2,0.481,0.474,2.7,3.5,0.75,1.6,5.0,6.6,1.9,0.9,0.6,1.3,1.6,14.3
Tayshaun Prince,25,DET,SF,82,82,35.3,5.5,12.2,0.455,0.8,2.2,0.35,4.8,10.0,0.479,0.487,2.2,2.9,0.765,1.3,3.0,4.2,2.3,0.8,0.5,1.1,1.2,14.1
Darius Miles,24,POR,SF,40,23,32.2,5.9,12.8,0.461,0.1,0.3,0.2,5.8,12.5,0.466,0.463,2.2,4.1,0.534,0.6,4.0,4.6,1.8,1.1,1.0,2.5,2.5,14.0
Troy Murphy,25,GSW,PF,74,74,34.0,4.9,11.3,0.433,0.8,2.4,0.32,4.1,8.9,0.464,0.468,3.4,4.3,0.787,2.6,7.4,10.0,1.4,0.6,0.4,1.5,2.6,14.0
Andre Miller,29,DEN,PG,82,82,35.8,4.9,10.6,0.463,0.1,0.3,0.185,4.9,10.3,0.472,0.466,3.8,5.2,0.738,1.1,3.2,4.3,8.2,1.3,0.2,3.1,2.6,13.7
Mike Miller,25,MEM,SG,74,9,30.6,4.8,10.3,0.466,1.9,4.6,0.407,2.9,5.7,0.513,0.557,2.3,2.8,0.8,0.6,4.8,5.4,2.7,0.7,0.4,1.9,2.3,13.7
Eddy Curry,23,NYK,C,72,69,25.9,4.7,8.3,0.563,0.0,0.0,,4.7,8.3,0.563,0.563,4.3,6.8,0.632,2.0,4.0,6.0,0.3,0.4,0.8,2.5,3.3,13.6
Bonzi Wells,29,SAC,SG,52,41,32.4,5.5,11.8,0.463,0.2,0.9,0.222,5.3,10.9,0.482,0.471,2.5,3.7,0.679,2.7,5.0,7.7,2.8,1.8,0.5,2.4,3.0,13.6
Nenad KrstiÄ,22,NJN,PF,80,80,30.9,5.6,11.0,0.507,0.0,0.1,0.25,5.6,11.0,0.509,0.508,2.3,3.3,0.698,2.3,4.1,6.4,1.1,0.4,0.8,1.7,3.7,13.5
Bobby Simmons,25,MIL,SF,75,74,33.8,4.9,10.8,0.453,1.4,3.3,0.42,3.5,7.4,0.468,0.518,2.2,2.7,0.825,1.2,3.2,4.4,2.3,1.1,0.3,1.6,3.4,13.4
Boris Diaw,23,PHO,PF,81,70,35.5,5.5,10.5,0.526,0.1,0.4,0.267,5.4,10.2,0.536,0.531,2.1,2.9,0.731,2.0,4.9,6.9,6.2,0.7,1.0,2.3,3.2,13.3
Derek Fisher,31,GSW,PG,82,36,31.6,4.4,10.8,0.41,1.4,3.6,0.397,3.0,7.2,0.417,0.476,3.0,3.6,0.833,0.4,2.1,2.6,4.3,1.5,0.1,1.9,2.9,13.3
Jason Kidd,32,NJN,PG,80,80,37.2,4.6,11.3,0.404,1.7,4.9,0.352,2.8,6.4,0.445,0.481,2.4,3.1,0.795,1.1,6.2,7.3,8.4,1.9,0.4,2.4,2.0,13.3
Emeka Okafor,23,CHA,PF,26,25,33.6,5.0,12.2,0.415,0.0,0.0,,5.0,12.2,0.415,0.415,3.2,4.8,0.656,3.6,6.4,10.0,1.2,0.8,1.9,2.0,3.4,13.2
Leandro Barbosa,23,PHO,SG,57,11,27.9,4.8,9.9,0.481,1.5,3.4,0.444,3.3,6.5,0.501,0.558,1.9,2.6,0.755,0.5,2.1,2.6,2.8,0.8,0.1,1.6,2.5,13.1
AndrÃ©s Nocioni,26,CHI,PF,82,43,27.3,4.7,10.1,0.461,1.1,2.9,0.391,3.5,7.2,0.489,0.517,2.5,3.0,0.843,1.1,5.0,6.1,1.4,0.5,0.6,1.5,3.1,13.0
Jerry Stackhouse,31,DAL,SG,55,11,27.7,4.4,11.0,0.401,0.7,2.4,0.277,3.7,8.6,0.436,0.431,3.5,4.0,0.882,0.6,2.2,2.8,2.9,0.7,0.2,2.2,1.7,13.0
Charlie Villanueva,21,TOR,PF,81,36,29.1,5.4,11.6,0.463,0.9,2.6,0.327,4.5,9.0,0.503,0.5,1.4,2.0,0.706,2.2,4.2,6.4,1.1,0.7,0.8,1.2,3.0,13.0
Kenyon Martin,28,DEN,PF,56,49,27.6,5.3,10.7,0.495,0.1,0.4,0.227,5.2,10.3,0.505,0.499,2.2,3.0,0.712,1.7,4.6,6.3,1.4,0.8,0.9,1.3,3.1,12.9
Marcus Camby,31,DEN,C,56,54,33.2,5.4,11.6,0.465,0.0,0.2,0.091,5.4,11.4,0.472,0.466,2.0,2.8,0.712,2.4,9.6,11.9,2.1,1.4,3.3,1.6,2.8,12.8
Earl Boykins,29,DEN,PG,60,0,25.7,4.5,11.0,0.41,1.0,3.0,0.346,3.5,8.0,0.434,0.457,2.5,2.9,0.874,0.4,1.0,1.4,3.8,0.8,0.1,1.4,1.2,12.6
Brevin Knight,30,CHA,PG,69,67,34.1,4.5,11.2,0.399,0.0,0.2,0.231,4.4,11.0,0.402,0.401,3.7,4.6,0.803,0.5,2.7,3.2,8.8,2.3,0.1,2.4,2.9,12.6
Matt Harpring,29,UTA,SF,71,32,27.4,4.5,9.5,0.475,0.2,0.5,0.359,4.3,9.0,0.482,0.485,3.2,4.4,0.725,2.2,3.0,5.2,1.4,0.8,0.2,1.5,2.8,12.5
PrimoÅ¾ Brezec,26,CHA,C,79,79,27.4,5.2,10.0,0.517,0.0,0.0,0.0,5.2,10.0,0.518,0.517,2.1,2.8,0.732,2.3,3.3,5.6,0.6,0.2,0.4,1.1,2.9,12.4
Jalen Rose,33,TOR,SF,46,22,26.9,3.9,9.7,0.404,0.7,2.5,0.27,3.2,7.2,0.45,0.438,3.6,4.7,0.765,0.3,2.5,2.8,2.5,0.4,0.2,1.4,2.2,12.1
Jalen Rose,33,NYK,SG,26,23,28.7,4.2,9.2,0.46,1.1,2.2,0.491,3.2,7.0,0.451,0.519,3.2,3.9,0.812,0.5,2.7,3.2,2.6,0.4,0.1,1.9,2.1,12.7
Shareef Abdur-Rahim,29,SAC,PF,72,30,27.2,4.6,8.8,0.525,0.1,0.3,0.227,4.5,8.5,0.536,0.529,3.0,3.9,0.784,1.5,3.5,5.0,2.1,0.7,0.6,1.5,3.2,12.3
Speedy Claxton,27,NOK,PG,71,3,28.4,4.3,10.4,0.413,0.2,0.9,0.27,4.0,9.5,0.426,0.425,3.5,4.5,0.769,0.5,2.2,2.7,4.8,1.5,0.1,2.2,2.5,12.3
Juan Dixon,27,POR,SG,76,42,25.3,4.7,10.8,0.435,0.9,2.2,0.382,3.8,8.6,0.449,0.474,2.1,2.6,0.804,0.4,1.9,2.3,2.0,0.8,0.1,1.5,2.1,12.3
Channing Frye,22,NYK,C,65,14,24.2,4.7,9.8,0.477,0.0,0.1,0.333,4.6,9.7,0.479,0.479,2.9,3.5,0.825,2.1,3.6,5.8,0.8,0.5,0.7,1.5,3.1,12.3
Andre Iguodala,22,PHI,SF,82,82,37.6,4.2,8.4,0.5,0.7,1.9,0.354,3.5,6.5,0.543,0.541,3.2,4.3,0.754,1.4,4.4,5.9,3.1,1.6,0.3,1.9,2.4,12.3
Jason Williams,30,MIA,PG,59,56,31.8,4.5,10.3,0.442,1.8,4.9,0.372,2.7,5.4,0.506,0.531,1.4,1.7,0.867,0.1,2.3,2.4,4.9,0.9,0.1,1.7,1.7,12.3
T.J. Ford,22,MIL,PG,72,70,35.5,4.6,11.0,0.416,0.5,1.4,0.337,4.1,9.5,0.428,0.438,2.6,3.4,0.754,0.9,3.4,4.3,6.6,1.4,0.1,3.0,2.7,12.2
Antoine Walker,29,MIA,PF,82,19,26.8,4.8,11.0,0.435,1.7,4.7,0.358,3.1,6.3,0.493,0.512,1.0,1.6,0.628,1.3,3.9,5.1,2.0,0.6,0.4,1.8,2.3,12.2
Ruben Patterson,30,POR,SF,45,2,23.5,4.2,8.4,0.496,0.0,0.2,0.0,4.2,8.3,0.505,0.496,3.1,5.0,0.611,1.6,1.8,3.4,1.3,0.9,0.3,1.8,1.8,11.4
Ruben Patterson,30,DEN,SG,26,20,28.3,5.3,9.8,0.543,0.0,0.2,0.167,5.3,9.6,0.552,0.545,2.5,4.3,0.58,1.7,1.7,3.5,2.6,1.3,0.3,2.6,2.7,13.2
Rafer Alston,29,HOU,PG,63,63,38.6,4.4,11.7,0.379,1.6,5.0,0.327,2.8,6.8,0.418,0.449,1.6,2.3,0.692,0.6,3.5,4.0,6.7,1.6,0.2,2.5,3.1,12.1
Mo Williams,23,MIL,PG,58,12,26.4,4.6,10.8,0.424,1.3,3.3,0.382,3.3,7.6,0.443,0.483,1.7,1.9,0.85,0.5,1.9,2.5,4.0,0.9,0.1,1.8,2.5,12.1
Raymond Felton,21,CHA,PG,80,54,30.1,4.3,11.0,0.391,1.2,3.4,0.358,3.1,7.7,0.405,0.446,2.0,2.8,0.725,1.0,2.4,3.3,5.6,1.3,0.1,2.3,2.3,11.9
Chris Kaman,23,LAC,C,78,78,32.8,4.7,9.1,0.523,0.0,0.0,0.0,4.7,9.0,0.524,0.523,2.5,3.2,0.77,2.4,7.2,9.6,1.0,0.6,1.4,2.3,3.4,11.9
Juwan Howard,32,HOU,PF,80,80,31.7,4.9,10.7,0.459,0.0,0.1,0.0,4.9,10.7,0.461,0.459,1.9,2.4,0.806,2.1,4.6,6.7,1.4,0.6,0.1,1.7,2.9,11.8
Eddie Jones,34,MEM,SG,75,75,32.5,3.9,9.6,0.404,1.8,5.0,0.356,2.1,4.6,0.457,0.497,2.2,2.9,0.781,0.5,3.3,3.7,2.4,1.7,0.4,1.2,2.7,11.8
Delonte West,22,BOS,PG,71,71,34.1,4.7,9.6,0.487,1.2,3.1,0.385,3.5,6.6,0.534,0.548,1.2,1.4,0.851,0.8,3.3,4.1,4.6,1.2,0.6,1.9,2.8,11.8
Zaza Pachulia,21,ATL,C,78,78,31.4,3.9,8.7,0.451,0.0,0.0,0.0,3.9,8.7,0.452,0.451,3.8,5.2,0.735,3.4,4.5,7.9,1.7,1.1,0.5,2.3,3.7,11.7
Damon Stoudamire,32,MEM,PG,27,27,31.9,4.2,10.6,0.397,1.3,3.9,0.346,2.9,6.8,0.426,0.46,2.0,2.3,0.855,0.9,2.7,3.5,4.7,0.7,0.0,2.0,1.8,11.7
Mike Dunleavy,25,GSW,SF,81,68,31.8,4.1,10.1,0.406,0.9,3.2,0.285,3.2,6.9,0.462,0.451,2.4,3.1,0.778,1.0,4.0,4.9,2.9,0.7,0.4,1.5,2.5,11.5
Kyle Korver,24,PHI,SF,82,43,31.3,4.0,9.3,0.43,2.2,5.3,0.42,1.7,3.9,0.443,0.551,1.2,1.5,0.849,0.3,3.0,3.3,2.0,0.8,0.3,1.2,2.7,11.5
Smush Parker,24,LAL,PG,82,82,33.8,4.2,9.5,0.447,1.5,4.0,0.366,2.8,5.5,0.506,0.524,1.5,2.2,0.694,0.5,2.9,3.3,3.7,1.7,0.2,1.8,2.6,11.5
Luke Ridnour,24,SEA,PG,79,77,33.2,4.2,10.1,0.418,0.5,1.9,0.289,3.7,8.2,0.448,0.445,2.5,2.9,0.877,0.6,2.4,3.0,7.0,1.6,0.3,2.1,2.3,11.5
Bobby Jackson,32,MEM,PG,71,15,25.0,4.0,10.5,0.382,1.8,4.7,0.389,2.2,5.9,0.377,0.469,1.5,2.1,0.733,0.6,2.5,3.1,2.7,0.9,0.0,1.4,2.2,11.4
Mark Blount,30,BOS,C,39,25,27.8,5.0,9.7,0.511,0.0,0.0,,5.0,9.7,0.511,0.511,2.5,3.3,0.764,0.9,3.2,4.2,1.7,0.4,0.9,3.1,2.7,12.4
Mark Blount,30,MIN,C,42,30,27.5,4.3,8.4,0.506,0.0,0.0,,4.3,8.4,0.506,0.506,1.7,2.3,0.747,1.4,3.4,4.8,0.8,0.6,1.0,1.8,3.5,10.2
Josh Smith,20,ATL,SF,80,73,32.0,4.1,9.7,0.425,0.4,1.4,0.309,3.7,8.3,0.444,0.447,2.6,3.7,0.719,2.2,4.4,6.6,2.4,0.8,2.6,2.0,3.3,11.3
Ronald Murray,26,SEA,SG,48,2,22.6,3.7,9.4,0.397,0.4,1.6,0.224,3.4,7.8,0.432,0.416,2.1,2.9,0.717,0.4,1.4,1.8,2.5,0.6,0.1,1.6,1.4,9.9
Ronald Murray,26,CLE,SG,28,25,36.7,5.1,11.3,0.448,0.7,2.3,0.308,4.4,9.0,0.484,0.479,2.6,3.7,0.702,0.5,1.9,2.4,2.8,1.4,0.3,2.0,2.3,13.5
Tyronn Lue,28,ATL,PG,51,10,24.2,3.8,8.2,0.459,1.1,2.5,0.457,2.6,5.7,0.46,0.529,2.3,2.7,0.855,0.3,1.4,1.6,3.1,0.5,0.1,1.5,2.2,11.0
DeShawn Stevenson,24,ORL,SG,82,82,32.3,4.4,9.5,0.46,0.0,0.2,0.133,4.4,9.3,0.466,0.461,2.2,3.0,0.744,0.7,2.2,2.9,2.0,0.7,0.2,1.5,2.2,11.0
Kevin Martin,22,SAC,SG,72,41,26.6,3.6,7.6,0.48,0.9,2.5,0.369,2.7,5.1,0.534,0.54,2.6,3.1,0.847,0.8,2.8,3.6,1.3,0.8,0.1,1.1,1.9,10.8
Desmond Mason,28,NOK,SF,70,55,30.0,3.9,9.9,0.399,0.0,0.1,0.167,3.9,9.8,0.401,0.399,2.9,4.3,0.682,0.9,3.3,4.3,0.9,0.6,0.2,1.6,1.9,10.8
Deron Williams,21,UTA,PG,80,47,28.8,4.2,10.1,0.421,1.1,2.7,0.416,3.1,7.3,0.423,0.478,1.2,1.7,0.704,0.4,2.0,2.4,4.5,0.8,0.2,1.8,2.9,10.8
Drew Gooden,24,CLE,PF,79,79,27.5,4.2,8.3,0.512,0.0,0.0,0.333,4.2,8.2,0.513,0.513,2.2,3.3,0.682,3.0,5.4,8.4,0.7,0.7,0.6,1.3,2.4,10.7
Gordan GiriÄek,28,UTA,SG,37,36,25.8,4.5,10.4,0.433,0.5,1.6,0.305,4.0,8.8,0.457,0.457,1.2,1.5,0.754,0.4,1.5,1.9,1.7,0.4,0.1,1.7,2.4,10.6
Jumaine Jones,26,CHA,PF,76,42,27.5,3.9,9.7,0.405,1.5,4.4,0.343,2.4,5.3,0.456,0.483,1.2,1.6,0.727,1.4,3.6,4.9,0.8,0.9,0.3,1.0,2.6,10.5
Tim Thomas,28,CHI,SF,3,0,10.7,2.0,5.3,0.375,0.3,2.0,0.167,1.7,3.3,0.5,0.406,0.0,0.0,,0.0,1.3,1.3,0.7,0.0,0.3,0.3,0.3,4.3
Tim Thomas,28,PHO,PF,26,10,24.4,4.1,9.5,0.435,1.7,4.0,0.429,2.4,5.4,0.44,0.526,1.1,1.6,0.667,0.8,4.0,4.9,0.7,0.6,0.2,1.2,3.0,11.0
Marquis Daniels,25,DAL,SG,62,29,28.5,4.0,8.3,0.48,0.1,0.3,0.211,3.9,8.0,0.491,0.484,2.2,3.0,0.754,1.3,2.3,3.6,2.8,1.1,0.2,1.6,2.3,10.2
Chris Mihm,26,LAL,C,59,56,26.1,3.9,7.8,0.501,0.0,0.0,,3.9,7.8,0.501,0.501,2.4,3.4,0.716,2.3,4.0,6.3,1.0,0.3,1.2,1.4,3.6,10.2
Shane Battier,27,MEM,SF,81,81,35.0,3.7,7.7,0.488,0.8,2.0,0.394,2.9,5.6,0.522,0.54,1.8,2.6,0.707,2.0,3.3,5.3,1.7,1.1,1.4,1.1,2.8,10.1
Michael Finley,32,SAS,SG,77,18,26.5,3.7,9.0,0.412,1.4,3.6,0.394,2.3,5.4,0.423,0.491,1.3,1.5,0.852,0.4,2.8,3.2,1.5,0.5,0.1,0.8,1.3,10.1
Kareem Rush,25,CHA,SG,47,25,23.6,3.9,10.0,0.386,1.2,3.5,0.348,2.6,6.5,0.407,0.447,1.2,1.6,0.714,0.4,1.8,2.2,1.1,0.8,0.3,1.4,1.7,10.1
Marcus Banks,24,BOS,PG,18,1,14.9,1.8,4.4,0.413,0.3,1.1,0.316,1.5,3.4,0.443,0.45,1.5,1.7,0.9,0.2,0.8,1.1,1.8,0.4,0.0,1.3,2.1,5.5
Marcus Banks,24,MIN,PG,40,28,30.7,4.7,9.7,0.479,0.4,1.1,0.364,4.3,8.6,0.494,0.5,2.3,2.9,0.778,0.5,2.4,2.9,4.7,1.2,0.3,2.4,3.1,12.0
Josh Childress,22,ATL,SF,74,10,30.4,3.8,6.8,0.552,0.4,0.9,0.492,3.3,5.9,0.56,0.583,2.1,2.7,0.766,1.8,3.4,5.2,1.8,1.2,0.5,1.4,2.5,10.0
Devin Harris,22,DAL,PG,56,4,22.8,3.4,7.2,0.469,0.1,0.4,0.238,3.3,6.9,0.482,0.475,3.0,4.2,0.716,0.5,1.8,2.2,3.2,0.9,0.3,1.5,2.2,9.9
David Wesley,35,HOU,SG,71,59,33.4,3.2,7.9,0.403,1.4,3.8,0.365,1.8,4.1,0.438,0.491,2.1,2.6,0.807,0.3,2.2,2.5,2.9,0.8,0.1,1.7,3.0,9.9
Vladimir RadmanoviÄ,25,SEA,PF,47,16,23.2,3.3,8.2,0.401,1.5,4.2,0.367,1.7,4.0,0.436,0.495,1.2,1.3,0.887,0.8,3.1,4.0,1.5,0.7,0.3,1.1,2.8,9.3
Vladimir RadmanoviÄ,25,LAC,PF,30,11,29.5,3.6,8.6,0.417,2.2,5.3,0.418,1.4,3.4,0.416,0.544,1.3,1.7,0.731,0.8,4.9,5.7,2.1,1.0,0.5,1.3,2.7,10.7
Melvin Ely,27,CHA,PF,57,22,23.6,3.8,7.5,0.508,0.0,0.0,0.0,3.8,7.4,0.511,0.508,2.2,3.4,0.667,1.6,3.2,4.9,1.3,0.5,0.8,1.8,2.8,9.8
Eddie House,27,PHO,PG,81,0,17.5,4.0,9.4,0.422,1.5,3.9,0.389,2.4,5.5,0.445,0.503,0.4,0.5,0.805,0.2,1.4,1.6,1.8,0.5,0.1,0.9,1.2,9.8
Salim Stoudamire,23,ATL,SG,61,1,20.3,3.3,8.1,0.415,1.3,3.5,0.38,2.0,4.5,0.442,0.498,1.6,1.8,0.9,0.2,1.7,1.9,1.2,0.4,0.0,1.3,1.9,9.7
Antonio Daniels,30,WAS,SG,80,17,28.5,2.9,6.9,0.418,0.3,1.3,0.228,2.6,5.6,0.461,0.439,3.6,4.2,0.845,0.2,1.9,2.2,3.6,0.7,0.1,1.1,1.2,9.6
Fred Jones,26,IND,SG,68,2,27.0,3.4,8.2,0.417,0.9,2.8,0.337,2.5,5.5,0.457,0.473,1.8,2.4,0.763,0.3,2.2,2.5,2.3,0.8,0.3,1.6,2.1,9.6
Chucky Atkins,31,WAS,SG,28,2,19.7,2.4,6.2,0.379,1.2,3.3,0.359,1.2,2.9,0.402,0.474,0.8,1.1,0.71,0.4,1.2,1.6,2.5,0.5,0.0,1.1,2.1,6.7
Chucky Atkins,31,MEM,PG,43,39,27.0,3.7,9.3,0.401,1.5,4.2,0.352,2.2,5.0,0.442,0.481,2.5,3.1,0.811,0.3,1.5,1.7,3.0,0.7,0.0,1.3,2.2,11.4
Troy Hudson,29,MIN,PG,36,0,22.2,3.5,9.3,0.381,1.1,2.8,0.396,2.4,6.4,0.375,0.441,1.3,1.4,0.923,0.2,1.0,1.2,2.9,0.3,0.1,1.1,1.5,9.5
Sebastian Telfair,20,POR,PG,68,30,24.1,3.4,8.5,0.394,0.8,2.4,0.352,2.5,6.1,0.411,0.444,1.9,2.6,0.743,0.3,1.5,1.8,3.6,1.0,0.1,1.7,2.5,9.5
Andrew Bogut,21,MIL,PF,82,77,28.6,3.9,7.4,0.533,0.0,0.0,0.0,3.9,7.4,0.536,0.533,1.5,2.4,0.629,2.3,4.7,7.0,2.3,0.6,0.8,1.5,3.2,9.4
Keyon Dooling,25,ORL,PG,50,7,22.7,3.6,8.1,0.44,0.3,0.9,0.302,3.3,7.2,0.456,0.456,2.0,2.4,0.835,0.2,1.3,1.6,2.2,1.0,0.1,1.6,2.3,9.4
Udonis Haslem,25,MIA,PF,81,80,30.8,3.7,7.3,0.508,0.0,0.0,0.0,3.7,7.3,0.509,0.508,1.9,2.5,0.789,2.1,5.8,7.8,1.2,0.6,0.2,1.0,2.7,9.3
Jarvis Hayes,24,WAS,SG,21,13,24.6,3.7,8.7,0.421,0.8,2.2,0.362,2.9,6.5,0.441,0.467,1.2,1.4,0.833,0.9,2.7,3.6,1.3,0.8,0.0,1.0,1.8,9.3
James Jones,25,PHO,SF,75,24,23.6,3.2,7.7,0.418,1.5,3.8,0.386,1.8,3.9,0.449,0.513,1.4,1.6,0.851,0.6,2.8,3.4,0.8,0.5,0.7,0.5,1.9,9.3
Donyell Marshall,32,CLE,PF,81,0,25.6,3.3,8.3,0.395,1.6,4.9,0.324,1.7,3.4,0.496,0.49,1.1,1.5,0.748,1.3,4.8,6.1,0.7,0.7,0.5,1.1,2.0,9.3
MickaÃ«l PiÃ©trus,23,GSW,SF,52,18,22.7,3.3,8.0,0.404,1.1,3.4,0.318,2.2,4.7,0.467,0.471,1.7,2.8,0.608,1.1,2.0,3.1,0.8,0.6,0.2,1.5,2.5,9.3
Nate Robinson,21,NYK,PG,72,26,21.4,3.2,7.8,0.407,0.8,2.0,0.397,2.4,5.8,0.411,0.458,2.1,2.8,0.752,0.8,1.5,2.3,2.0,0.8,0.0,1.6,2.8,9.3
Jamaal Tinsley,27,IND,PG,42,27,26.7,3.8,9.2,0.409,0.4,1.7,0.229,3.4,7.5,0.449,0.43,1.4,2.2,0.637,0.8,2.3,3.2,5.0,1.2,0.1,2.6,2.3,9.3
Trenton Hassell,26,MIN,SG,77,67,32.6,3.7,8.0,0.464,0.1,0.3,0.304,3.6,7.7,0.47,0.47,1.7,2.3,0.744,1.1,1.7,2.8,2.6,0.6,0.4,1.6,2.6,9.2
Anthony Johnson,31,IND,PG,75,53,26.4,3.6,8.0,0.443,0.7,2.1,0.329,2.9,6.0,0.482,0.485,1.4,1.9,0.752,0.4,1.8,2.2,4.3,0.8,0.3,1.5,1.8,9.2
Jamaal Magloire,27,MIL,C,82,82,30.1,3.5,7.5,0.467,0.0,0.0,,3.5,7.5,0.467,0.467,2.2,4.1,0.535,2.7,6.8,9.5,0.7,0.4,1.0,2.0,3.4,9.2
Darius Songaila,27,CHI,PF,62,7,21.4,3.8,7.9,0.481,0.0,0.1,0.4,3.8,7.8,0.481,0.483,1.5,1.9,0.817,1.2,2.7,4.0,1.4,0.6,0.3,1.4,2.5,9.2
Kenny Thomas,28,SAC,PF,82,55,28.0,3.7,7.4,0.505,0.0,0.0,0.0,3.7,7.4,0.506,0.505,1.7,2.5,0.676,2.4,5.1,7.5,2.0,0.9,0.5,1.6,2.4,9.1
P.J. Brown,36,NOK,C,75,73,31.7,3.6,7.8,0.461,0.0,0.0,,3.6,7.8,0.461,0.461,1.9,2.2,0.827,2.4,4.9,7.3,1.2,0.6,0.7,1.2,2.9,9.0
Earl Watson,26,DEN,PG,46,10,21.2,2.6,6.1,0.429,1.5,3.7,0.395,1.2,2.4,0.482,0.55,0.8,1.3,0.627,0.4,1.5,1.9,3.5,0.8,0.2,1.6,2.1,7.5
Earl Watson,26,SEA,PG,24,0,25.1,4.1,9.5,0.432,1.8,4.2,0.42,2.3,5.3,0.441,0.524,1.6,2.2,0.731,0.3,2.7,3.0,5.4,1.3,0.1,2.5,2.7,11.5
Stromile Swift,26,HOU,C,66,5,20.4,3.4,6.9,0.491,0.0,0.0,0.0,3.4,6.9,0.493,0.491,2.1,3.2,0.651,1.6,2.8,4.4,0.4,0.6,0.8,1.4,3.0,8.9
Keith Van Horn,30,DAL,SF,53,0,20.6,3.1,7.3,0.424,0.9,2.6,0.368,2.2,4.7,0.454,0.488,1.8,2.1,0.832,1.0,2.6,3.6,0.7,0.6,0.2,1.3,2.3,8.9
Bracey Wright,21,MIN,SG,7,0,19.3,3.0,7.3,0.412,0.9,2.4,0.353,2.1,4.9,0.441,0.471,2.0,2.3,0.875,0.4,2.1,2.6,0.7,0.1,0.0,1.1,1.1,8.9
Luther Head,23,HOU,SG,80,27,28.9,3.2,7.9,0.403,1.4,3.9,0.361,1.8,4.0,0.445,0.493,1.1,1.5,0.699,0.4,2.9,3.3,2.7,1.1,0.1,1.5,2.1,8.8
Rasual Butler,26,NOK,SF,79,20,23.7,3.3,8.0,0.406,1.2,3.1,0.38,2.1,4.9,0.422,0.479,1.0,1.4,0.693,0.6,2.3,2.9,0.5,0.4,0.6,0.8,1.8,8.7
Chris Duhon,23,CHI,PG,74,38,29.1,2.9,7.3,0.4,1.4,3.8,0.36,1.6,3.5,0.442,0.493,1.6,1.9,0.818,0.4,2.6,3.0,5.0,0.9,0.0,1.6,2.1,8.7
Amar'e Stoudemire,23,PHO,C,3,3,16.7,3.0,9.0,0.333,0.0,0.3,0.0,3.0,8.7,0.346,0.333,2.7,3.0,0.889,2.0,3.3,5.3,0.7,0.3,1.0,0.3,1.3,8.7
Keith Bogans,25,CHA,SG,39,9,21.7,2.9,7.4,0.396,0.8,2.5,0.337,2.1,4.9,0.426,0.453,2.1,2.7,0.762,0.7,2.0,2.7,1.2,1.0,0.1,1.1,2.0,8.7
Keith Bogans,25,HOU,SF,33,22,32.2,3.1,7.8,0.395,1.0,3.1,0.314,2.1,4.7,0.448,0.457,1.4,2.5,0.58,0.8,3.7,4.5,2.5,1.0,0.2,1.5,2.7,8.5
Joe Smith,30,MIL,PF,44,5,20.2,3.3,6.9,0.475,0.0,0.0,0.0,3.3,6.9,0.479,0.475,2.0,2.6,0.774,1.9,3.3,5.2,0.7,0.5,0.3,0.9,2.7,8.6
Kurt Thomas,33,PHO,C,53,50,26.6,3.6,7.4,0.486,0.0,0.0,,3.6,7.4,0.486,0.486,1.4,1.7,0.815,1.9,5.9,7.8,1.1,0.4,1.0,1.1,3.6,8.6
Marvin Williams,19,ATL,PF,79,7,24.7,3.0,6.7,0.443,0.2,0.7,0.245,2.8,6.1,0.464,0.455,2.4,3.2,0.747,1.5,3.3,4.8,0.8,0.6,0.3,1.1,2.9,8.5
Charlie Bell,26,MIL,SG,59,6,21.7,3.1,6.9,0.439,1.2,2.8,0.423,1.8,4.1,0.45,0.526,1.1,1.5,0.708,0.4,1.7,2.0,2.2,1.0,0.1,0.7,2.1,8.4
Steve Blake,25,POR,PG,68,57,26.2,3.0,6.9,0.438,1.1,2.7,0.413,1.9,4.2,0.455,0.519,1.1,1.3,0.791,0.4,1.8,2.1,4.5,0.6,0.1,1.2,1.6,8.2
Austin Croshere,30,IND,PF,50,26,23.0,2.6,5.7,0.463,1.1,2.8,0.386,1.6,2.9,0.538,0.558,1.8,2.0,0.882,1.2,4.1,5.3,1.2,0.4,0.1,1.0,2.1,8.2
Sean May,21,CHA,PF,23,1,17.3,3.0,7.4,0.409,0.0,0.2,0.0,3.0,7.2,0.422,0.409,2.1,2.8,0.766,1.8,2.9,4.7,1.0,0.7,0.5,1.4,2.5,8.2
Quentin Richardson,25,NYK,SF,55,43,26.2,3.0,8.3,0.355,1.2,3.4,0.34,1.8,4.9,0.365,0.425,1.1,1.7,0.67,1.2,3.0,4.2,1.6,0.7,0.1,1.0,2.4,8.2
Chris Wilcox,23,LAC,C,48,1,13.7,1.9,3.5,0.536,0.0,0.0,0.0,1.9,3.5,0.542,0.536,0.8,1.2,0.644,1.0,2.6,3.6,0.4,0.3,0.4,0.7,2.1,4.5
Chris Wilcox,23,SEA,PF,29,23,30.1,5.8,9.7,0.592,0.0,0.0,,5.8,9.7,0.592,0.592,2.6,3.2,0.787,2.5,5.7,8.2,1.2,0.6,0.4,1.4,2.8,14.1
Derek Anderson,31,HOU,SG,20,8,29.1,3.4,8.7,0.393,1.0,3.4,0.284,2.5,5.3,0.462,0.448,3.1,3.7,0.836,0.6,3.6,4.2,2.7,0.8,0.2,1.9,2.5,10.8
Derek Anderson,31,MIA,SG,23,3,20.2,1.7,5.7,0.308,0.9,2.9,0.313,0.8,2.7,0.302,0.388,1.4,1.7,0.842,0.4,2.2,2.6,2.1,0.3,0.1,0.7,2.1,5.8
Mike Sweetney,23,CHI,C,66,44,18.5,3.0,6.7,0.45,0.0,0.0,,3.0,6.7,0.45,0.45,2.0,3.1,0.652,1.8,3.5,5.3,0.9,0.3,0.8,1.4,3.2,8.1
Kirk Snyder,22,NOK,SG,68,45,19.3,3.0,6.7,0.453,0.7,1.9,0.357,2.3,4.8,0.491,0.503,1.3,1.7,0.735,0.8,1.6,2.4,1.5,0.4,0.3,1.0,1.6,8.0
Tony Battie,29,ORL,C,82,82,27.0,3.4,6.7,0.507,0.0,0.1,0.0,3.4,6.7,0.513,0.507,1.1,1.6,0.664,1.8,3.8,5.6,0.6,0.6,0.8,1.1,3.0,7.9
Brian Cook,25,LAL,PF,81,46,19.0,3.2,6.3,0.511,0.4,1.0,0.429,2.8,5.3,0.527,0.546,1.0,1.2,0.832,1.1,2.3,3.4,0.9,0.5,0.4,0.8,2.5,7.9
Al Jefferson,21,BOS,PF,59,7,18.0,3.2,6.4,0.499,0.0,0.1,0.0,3.2,6.4,0.504,0.499,1.5,2.3,0.642,1.6,3.4,5.1,0.5,0.5,0.8,1.1,2.8,7.9
Rashad McCants,21,MIN,SG,79,12,17.2,3.1,6.8,0.45,0.8,2.3,0.372,2.2,4.5,0.49,0.513,1.0,1.3,0.736,0.4,1.4,1.8,0.8,0.6,0.3,1.1,2.2,7.9
Marko JariÄ,27,MIN,PG,75,49,28.0,3.0,7.5,0.399,0.5,1.8,0.301,2.5,5.8,0.43,0.435,1.3,1.8,0.688,0.8,2.3,3.1,3.9,1.4,0.3,1.7,2.5,7.8
Raef LaFrentz,29,BOS,PF,82,63,24.8,2.9,6.7,0.431,1.4,3.5,0.392,1.5,3.2,0.474,0.533,0.6,0.9,0.68,1.0,4.0,5.0,1.4,0.4,0.9,0.8,3.3,7.8
Antonio McDyess,31,DET,PF,82,0,21.1,3.5,6.8,0.509,0.0,0.0,0.0,3.5,6.8,0.511,0.509,0.8,1.5,0.557,1.9,3.4,5.3,1.1,0.6,0.6,0.9,2.7,7.8
Alonzo Mourning,35,MIA,C,65,20,20.0,2.9,4.8,0.597,0.0,0.0,0.0,2.9,4.8,0.599,0.597,2.0,3.4,0.594,1.9,3.6,5.5,0.2,0.2,2.7,1.2,2.7,7.8
Gary Payton,37,MIA,PG,81,25,28.5,2.8,6.8,0.42,0.8,2.8,0.287,2.0,3.9,0.517,0.481,1.2,1.6,0.794,0.4,2.5,2.9,3.2,0.9,0.1,1.3,2.1,7.7
J.R. Smith,20,NOK,SG,55,25,18.0,2.6,6.7,0.393,0.9,2.5,0.371,1.7,4.1,0.407,0.464,1.5,1.8,0.822,0.3,1.7,2.0,1.1,0.7,0.1,1.0,1.6,7.7
Tony Delk,32,ATL,SG,1,0,7.0,0.0,1.0,0.0,0.0,0.0,,0.0,1.0,0.0,0.0,2.0,2.0,1.0,1.0,1.0,2.0,0.0,0.0,0.0,0.0,0.0,2.0
Tony Delk,32,DET,PG,23,0,16.4,3.1,7.0,0.444,0.9,2.0,0.426,2.2,4.9,0.451,0.506,0.8,1.1,0.72,0.6,1.7,2.2,1.4,0.6,0.0,0.8,1.2,7.8
Matt Carroll,25,CHA,SG,78,6,16.3,2.5,6.1,0.403,0.9,2.4,0.389,1.5,3.7,0.412,0.479,1.8,2.2,0.821,0.4,1.6,2.0,0.4,0.6,0.1,0.6,1.5,7.6
Ryan Gomes,23,BOS,PF,61,33,22.6,2.8,5.8,0.487,0.0,0.1,0.333,2.8,5.7,0.491,0.492,1.8,2.4,0.752,1.7,3.2,4.9,1.0,0.6,0.1,0.9,1.4,7.6
Matt Bonner,25,TOR,PF,78,6,21.9,2.7,6.0,0.448,1.3,3.1,0.42,1.4,2.9,0.478,0.557,0.8,1.0,0.829,1.1,2.5,3.6,0.7,0.6,0.4,0.4,2.8,7.5
Bruce Bowen,34,SAS,SF,82,82,33.6,2.8,6.5,0.433,1.3,3.0,0.424,1.6,3.5,0.44,0.53,0.6,1.0,0.607,0.4,3.5,3.9,1.5,1.0,0.4,0.8,2.3,7.5
Devin Brown,27,UTA,SG,81,14,21.1,2.6,6.5,0.393,0.5,1.5,0.331,2.1,5.0,0.411,0.43,2.0,2.6,0.745,0.9,1.7,2.6,1.3,0.5,0.2,1.2,1.9,7.5
Nick Collison,25,SEA,PF,66,27,21.9,3.1,6.0,0.525,0.0,0.0,0.0,3.1,5.9,0.529,0.525,1.2,1.7,0.699,2.2,3.4,5.6,1.1,0.3,0.5,1.2,3.2,7.5
Danny Granger,22,IND,SF,78,17,22.6,2.8,6.1,0.462,0.4,1.2,0.323,2.4,4.9,0.496,0.494,1.5,1.9,0.777,1.7,3.2,4.9,1.2,0.7,0.8,1.0,2.7,7.5
John Salmons,26,PHI,SG,82,24,25.1,2.7,6.4,0.42,0.3,1.1,0.299,2.4,5.3,0.445,0.445,1.9,2.4,0.775,0.6,2.1,2.7,2.7,0.9,0.2,1.5,2.2,7.5
Kwame Brown,23,LAL,C,72,49,27.5,2.8,5.4,0.526,0.0,0.0,0.0,2.8,5.4,0.527,0.526,1.8,3.3,0.545,2.5,4.0,6.6,1.0,0.4,0.6,1.4,2.7,7.4
Voshon Lenard,32,DEN,SG,12,6,19.8,3.5,8.6,0.408,0.8,2.9,0.286,2.7,5.7,0.471,0.456,0.4,1.1,0.385,0.2,2.2,2.3,1.5,0.7,0.2,0.9,1.8,8.3
Voshon Lenard,32,POR,SG,14,0,15.7,2.4,6.3,0.375,1.1,3.1,0.349,1.3,3.2,0.4,0.46,0.8,1.3,0.611,0.2,1.1,1.4,1.6,0.9,0.1,1.4,1.3,6.6
Samuel Dalembert,24,PHI,C,66,52,26.7,3.0,5.6,0.531,0.0,0.0,0.0,3.0,5.6,0.533,0.531,1.4,2.0,0.705,2.4,5.8,8.2,0.4,0.5,2.4,1.6,3.7,7.3
Brendan Haywood,26,WAS,C,79,70,23.8,2.8,5.5,0.514,0.0,0.0,,2.8,5.5,0.514,0.514,1.7,2.8,0.585,2.5,3.4,5.9,0.6,0.4,1.3,1.2,2.9,7.3
Å arÅ«nas JasikeviÄius,29,IND,PG,75,15,20.8,2.3,5.7,0.396,1.1,3.1,0.364,1.1,2.6,0.435,0.497,1.6,1.8,0.91,0.3,1.8,2.0,3.0,0.5,0.1,1.5,1.4,7.3
Ben Wallace,31,DET,C,82,82,35.2,2.9,5.7,0.51,0.0,0.0,0.0,2.9,5.6,0.514,0.51,1.5,3.6,0.416,3.7,7.6,11.3,1.9,1.8,2.2,1.1,2.0,7.3
Tony Allen,24,BOS,PG,51,9,19.2,2.5,5.4,0.471,0.2,0.7,0.324,2.3,4.7,0.492,0.491,2.0,2.6,0.746,0.6,1.5,2.2,1.3,1.0,0.4,1.3,2.5,7.2
James Posey,29,MIA,SF,67,63,28.6,2.4,5.9,0.403,1.7,4.3,0.403,0.6,1.6,0.4,0.551,0.7,0.9,0.787,0.5,4.3,4.8,1.3,0.8,0.3,0.9,2.9,7.2
Ike Diogu,22,GSW,PF,69,14,14.9,2.5,4.8,0.524,0.0,0.0,,2.5,4.8,0.524,0.524,2.0,2.4,0.81,1.4,1.9,3.3,0.4,0.2,0.4,1.1,2.4,7.0
Willie Green,24,PHI,SG,10,2,15.3,2.8,6.6,0.424,1.0,1.9,0.526,1.8,4.7,0.383,0.5,0.4,0.5,0.8,0.1,1.4,1.5,0.5,0.2,0.0,1.2,1.3,7.0
Clifford Robinson,39,NJN,PF,80,13,23.3,2.7,6.4,0.427,0.8,2.2,0.343,2.0,4.2,0.47,0.485,0.7,1.0,0.658,0.7,2.7,3.3,1.1,0.6,0.5,0.8,2.6,6.9
Monta Ellis,20,GSW,SG,49,3,18.1,2.7,6.5,0.415,0.6,1.7,0.341,2.1,4.8,0.441,0.459,0.9,1.2,0.712,0.4,1.7,2.1,1.6,0.7,0.2,1.2,1.4,6.8
Greg Buckner,29,DEN,SG,73,27,24.1,2.5,5.7,0.434,1.2,3.3,0.354,1.3,2.4,0.546,0.537,0.6,0.8,0.782,0.4,2.4,2.9,1.7,1.2,0.3,0.7,2.5,6.7
Marcus Fizer,27,NOK,PF,3,0,13.0,3.0,5.7,0.529,0.3,0.3,1.0,2.7,5.3,0.5,0.559,0.3,0.7,0.5,0.3,2.0,2.3,0.3,0.0,0.0,0.7,1.7,6.7
Joey Graham,23,TOR,SF,80,24,19.8,2.5,5.2,0.478,0.4,1.1,0.333,2.1,4.1,0.517,0.513,1.4,1.7,0.812,0.7,2.3,3.1,0.8,0.5,0.2,1.2,2.9,6.7
Jarrett Jack,22,POR,SG,79,4,20.2,2.4,5.4,0.442,0.3,1.0,0.263,2.1,4.5,0.48,0.465,1.6,2.0,0.8,0.2,1.8,2.0,2.8,0.5,0.0,1.3,1.7,6.7
Amir Johnson,18,DET,SF,3,0,13.0,2.3,3.3,0.7,0.7,1.0,0.667,1.7,2.3,0.714,0.8,1.3,1.3,1.0,1.0,0.3,1.3,1.0,0.0,0.7,1.3,2.3,6.7
Damon Jones,29,CLE,PG,82,7,25.5,2.3,6.0,0.387,1.7,4.5,0.377,0.6,1.5,0.417,0.53,0.4,0.6,0.64,0.2,1.5,1.6,2.1,0.5,0.0,0.7,1.4,6.7
Qyntel Woods,24,NYK,SF,49,16,20.7,2.6,5.2,0.508,0.4,1.2,0.367,2.2,4.0,0.552,0.551,1.0,1.6,0.645,0.9,3.0,3.9,1.0,0.7,0.3,1.2,2.0,6.7
Martell Webster,19,POR,SF,61,18,17.5,2.3,5.7,0.399,1.1,3.0,0.357,1.2,2.7,0.446,0.493,1.0,1.2,0.859,0.5,1.7,2.1,0.6,0.3,0.2,0.7,1.5,6.6
Marc Jackson,31,NJN,C,37,0,11.7,1.8,4.0,0.446,0.0,0.0,,1.8,4.0,0.446,0.446,1.0,1.3,0.792,0.8,1.6,2.4,0.6,0.1,0.2,0.8,1.9,4.6
Marc Jackson,31,NOK,C,27,10,22.0,4.0,8.2,0.489,0.0,0.1,0.5,4.0,8.1,0.489,0.491,1.0,1.3,0.824,2.1,2.7,4.7,0.8,0.3,0.1,1.4,2.1,9.1
Damien Wilkins,26,SEA,SF,82,12,18.6,2.4,5.3,0.444,0.2,0.7,0.25,2.2,4.6,0.472,0.46,1.7,2.0,0.84,1.0,1.4,2.3,1.3,0.9,0.1,1.0,1.8,6.5
Jared Jeffries,24,WAS,PF,77,77,25.3,2.4,5.4,0.451,0.2,0.6,0.32,2.2,4.7,0.468,0.47,1.3,2.2,0.589,2.1,2.8,4.9,1.9,0.8,0.6,1.3,2.9,6.4
Bernard Robinson,25,CHA,SF,66,18,19.7,2.4,5.5,0.43,0.0,0.3,0.095,2.3,5.2,0.451,0.433,1.6,2.0,0.791,0.9,2.4,3.3,1.2,1.2,0.2,1.1,2.1,6.4
Robert Swift,20,SEA,C,47,20,21.0,2.6,5.1,0.515,0.0,0.0,,2.6,5.1,0.515,0.515,1.1,1.9,0.582,2.0,3.6,5.6,0.2,0.3,1.2,1.0,3.0,6.4
Devean George,28,LAL,SF,71,5,21.7,2.4,6.0,0.4,0.7,2.3,0.313,1.7,3.7,0.453,0.459,0.8,1.2,0.674,1.2,2.7,3.9,1.0,0.9,0.5,0.8,2.2,6.3
Maurice Taylor,29,NYK,PF,67,13,18.1,2.7,5.8,0.468,0.0,0.0,0.0,2.7,5.8,0.469,0.468,0.9,1.2,0.699,1.0,2.4,3.4,0.8,0.3,0.2,1.5,2.6,6.3
Nazr Mohammed,28,SAS,C,80,30,17.4,2.4,4.7,0.504,0.0,0.0,,2.4,4.7,0.504,0.504,1.4,1.8,0.785,2.0,3.2,5.2,0.5,0.3,0.6,1.1,2.8,6.2
Milt Palacio,27,UTA,PG,71,18,19.4,2.4,5.7,0.424,0.0,0.2,0.063,2.4,5.5,0.439,0.426,1.4,2.1,0.653,0.2,1.6,1.9,2.7,0.7,0.2,1.5,1.8,6.2
Steven Hunter,24,PHI,C,69,35,19.0,2.5,4.2,0.601,0.0,0.0,,2.5,4.2,0.601,0.601,1.0,2.0,0.514,1.6,2.3,3.9,0.2,0.2,1.1,0.9,1.7,6.1
DerMarr Johnson,25,DEN,SG,58,21,15.9,2.3,5.3,0.431,1.0,2.8,0.35,1.3,2.5,0.521,0.523,0.6,0.7,0.81,0.3,1.3,1.7,0.9,0.4,0.4,0.8,1.5,6.1
Joel Przybilla,26,POR,C,56,52,24.9,2.3,4.3,0.548,0.0,0.0,,2.3,4.3,0.548,0.548,1.5,2.8,0.532,2.6,4.4,7.0,0.8,0.4,2.3,1.4,2.7,6.1
Jeff Foster,29,IND,C,63,37,25.1,2.2,4.0,0.552,0.0,0.1,0.0,2.2,3.9,0.561,0.552,1.5,2.5,0.604,3.6,5.6,9.1,0.8,0.7,0.4,1.0,3.0,5.9
Carlos Arroyo,26,DET,PG,50,0,12.0,1.1,3.1,0.363,0.0,0.1,0.333,1.1,3.0,0.364,0.369,0.8,1.2,0.724,0.5,0.9,1.4,3.1,0.4,0.1,0.9,1.5,3.2
Carlos Arroyo,26,ORL,SG,27,0,22.0,4.1,8.2,0.502,0.2,0.5,0.357,3.9,7.7,0.512,0.514,2.4,2.9,0.81,0.3,1.9,2.2,2.9,0.7,0.0,1.4,1.6,10.8
Alan Anderson,23,CHA,SF,36,7,15.7,2.1,5.0,0.414,0.7,1.6,0.414,1.4,3.4,0.415,0.481,0.9,1.1,0.805,0.6,1.3,1.9,0.9,0.3,0.1,0.9,1.3,5.8
Brent Barry,34,SAS,SG,74,5,17.0,2.1,4.7,0.452,1.1,2.7,0.396,1.0,1.9,0.531,0.568,0.5,0.8,0.661,0.4,1.8,2.1,1.7,0.5,0.4,0.7,1.3,5.8
Viktor Khryapa,23,POR,SF,69,53,21.6,2.3,5.0,0.462,0.1,0.4,0.333,2.1,4.5,0.474,0.477,1.1,1.6,0.694,1.7,2.8,4.4,1.3,0.7,0.4,1.2,3.0,5.8
Shaun Livingston,20,LAC,PG,61,14,25.0,2.4,5.7,0.427,0.0,0.1,0.125,2.4,5.6,0.434,0.428,0.9,1.3,0.688,0.7,2.3,3.0,4.5,0.8,0.5,1.8,2.6,5.8
Travis Outlaw,21,POR,PF,69,11,16.7,2.3,5.3,0.44,0.2,0.8,0.264,2.1,4.6,0.47,0.459,0.9,1.3,0.697,0.7,2.0,2.7,0.5,0.4,0.7,0.5,1.6,5.8
Lorenzen Wright,30,MEM,C,78,58,21.7,2.5,5.2,0.478,0.0,0.0,0.0,2.5,5.2,0.48,0.478,0.8,1.5,0.564,1.8,3.2,5.1,0.6,0.7,0.6,0.9,2.6,5.8
Erick Dampier,30,DAL,C,82,36,23.6,2.1,4.2,0.493,0.0,0.0,,2.1,4.2,0.493,0.493,1.5,2.6,0.591,3.3,4.5,7.8,0.6,0.3,1.3,1.4,3.2,5.7
David Harrison,23,IND,C,67,17,15.4,2.2,4.4,0.503,0.0,0.0,,2.2,4.4,0.503,0.503,1.3,2.6,0.511,1.3,2.5,3.8,0.2,0.3,0.9,1.2,2.9,5.7
Reggie Evans,25,SEA,PF,41,23,19.2,2.1,4.2,0.509,0.0,0.0,0.0,2.1,4.2,0.512,0.509,1.6,2.9,0.55,2.8,4.0,6.7,0.6,0.6,0.1,1.0,2.3,5.9
Reggie Evans,25,DEN,PF,26,2,23.3,1.7,3.7,0.453,0.0,0.0,,1.7,3.7,0.453,0.453,1.9,3.7,0.505,2.2,6.5,8.7,0.6,0.6,0.2,1.7,2.7,5.2
Francisco GarcÃ­a,24,SAC,SF,67,11,19.4,1.9,4.9,0.4,0.6,2.0,0.285,1.4,2.8,0.484,0.46,1.2,1.5,0.772,0.6,2.2,2.8,1.4,0.6,0.7,1.1,2.0,5.6
Keith McLeod,26,UTA,PG,66,32,18.7,1.8,5.2,0.353,0.4,1.2,0.293,1.5,3.9,0.372,0.388,1.6,2.0,0.797,0.2,1.0,1.2,2.3,0.6,0.1,1.2,2.0,5.6
JosÃ© CalderÃ³n,24,TOR,SG,64,11,23.2,2.1,4.9,0.423,0.1,0.7,0.163,2.0,4.2,0.465,0.434,1.2,1.4,0.848,0.5,1.7,2.2,4.5,0.7,0.1,1.6,1.5,5.5
Nick Van Exel,34,SAS,PG,65,2,15.2,2.1,5.3,0.397,0.8,2.4,0.357,1.2,2.9,0.429,0.477,0.4,0.6,0.683,0.1,1.3,1.4,1.9,0.2,0.0,0.9,0.9,5.5
Eduardo NÃ¡jera,29,DEN,PF,64,3,22.6,2.0,4.7,0.422,0.1,0.2,0.333,1.9,4.5,0.426,0.429,1.4,1.8,0.781,2.0,3.1,5.1,0.8,0.8,0.5,0.8,2.6,5.4
Jackie Butler,20,NYK,C,55,0,13.5,2.1,3.9,0.544,0.0,0.0,,2.1,3.9,0.544,0.544,1.1,1.4,0.753,1.2,2.1,3.3,0.5,0.3,0.6,1.1,2.3,5.3
Tyson Chandler,23,CHI,C,79,50,26.8,2.0,3.6,0.565,0.0,0.0,0.0,2.0,3.6,0.567,0.565,1.2,2.4,0.503,3.4,5.7,9.0,1.0,0.5,1.3,1.6,3.8,5.3
Jarron Collins,27,UTA,C,79,41,21.9,1.6,3.5,0.461,0.0,0.0,,1.6,3.5,0.461,0.461,2.0,2.8,0.717,1.7,2.5,4.2,1.2,0.5,0.3,0.8,3.2,5.3
Jeff McInnis,31,NJN,SG,28,1,17.4,2.3,5.1,0.441,0.1,0.6,0.188,2.1,4.5,0.472,0.451,0.7,1.0,0.69,0.4,1.4,1.8,1.9,0.4,0.1,1.0,1.3,5.3
Jake Voskuhl,28,CHA,C,51,2,16.0,2.2,5.1,0.437,0.0,0.1,0.333,2.2,5.1,0.438,0.439,0.8,1.2,0.683,1.2,2.4,3.6,0.8,0.5,0.5,0.6,3.1,5.3
Dan Gadzuric,27,MIL,C,74,0,12.0,2.3,4.2,0.553,0.0,0.0,0.0,2.3,4.2,0.555,0.553,0.6,1.2,0.461,1.2,1.9,3.1,0.3,0.3,0.6,0.5,2.3,5.2
Gerald Green,20,BOS,SG,32,3,11.7,2.1,4.3,0.478,0.2,0.6,0.3,1.9,3.7,0.508,0.5,0.9,1.2,0.784,0.3,1.0,1.3,0.6,0.4,0.1,0.7,1.3,5.2
Kendrick Perkins,21,BOS,C,68,40,19.6,2.0,3.9,0.515,0.0,0.0,0.0,2.0,3.9,0.519,0.515,1.2,1.9,0.615,2.1,3.9,5.9,1.0,0.3,1.5,1.6,2.9,5.2
Johan Petro,20,SEA,C,68,41,18.9,2.3,4.4,0.51,0.0,0.0,,2.3,4.4,0.51,0.51,0.7,1.1,0.627,1.6,2.8,4.4,0.2,0.4,0.8,0.9,3.1,5.2
Robert Horry,35,SAS,PF,63,3,18.8,1.8,4.6,0.384,0.8,2.3,0.368,0.9,2.3,0.399,0.474,0.7,1.1,0.647,1.1,2.7,3.8,1.3,0.7,0.8,0.7,1.8,5.1
David Lee,22,NYK,SF,67,14,16.9,2.0,3.4,0.596,0.0,0.0,,2.0,3.4,0.596,0.596,1.1,1.8,0.577,1.6,2.9,4.5,0.6,0.4,0.3,0.8,1.9,5.1
Beno Udrih,23,SAS,PG,54,3,10.9,2.0,4.3,0.455,0.4,1.3,0.343,1.5,3.0,0.503,0.506,0.7,0.9,0.78,0.3,0.6,1.0,1.7,0.3,0.0,1.0,1.0,5.1
Michael Olowokandi,30,MIN,C,32,24,23.5,2.7,6.1,0.446,0.0,0.0,,2.7,6.1,0.446,0.446,0.6,1.2,0.487,1.4,4.2,5.6,0.5,0.6,0.8,1.3,3.1,6.0
Michael Olowokandi,30,BOS,C,16,0,10.4,1.3,2.8,0.444,0.0,0.0,,1.3,2.8,0.444,0.444,0.3,0.5,0.625,0.3,2.3,2.6,0.4,0.2,0.4,0.9,1.4,2.8
Chris Andersen,27,NOK,C,32,2,17.8,1.8,3.1,0.571,0.0,0.0,,1.8,3.1,0.571,0.571,1.5,3.2,0.476,1.9,2.9,4.8,0.2,0.3,1.3,0.8,2.6,5.0
Jonathan Bender,25,IND,SF,2,0,10.5,2.0,2.5,0.8,0.0,0.0,,2.0,2.5,0.8,0.8,1.0,1.0,1.0,0.0,2.0,2.0,1.0,0.0,0.5,0.0,1.0,5.0
Maurice Evans,27,DET,SG,80,1,14.2,1.9,4.3,0.452,0.5,1.5,0.371,1.4,2.8,0.493,0.515,0.7,0.8,0.8,1.0,1.1,2.0,0.8,0.5,0.2,0.5,1.5,5.0
Jake Tsakalidis,26,MEM,C,51,19,14.4,2.0,3.2,0.606,0.0,0.0,,2.0,3.2,0.606,0.606,1.1,1.7,0.655,1.5,2.6,4.2,0.3,0.3,0.6,0.8,2.1,5.0
Luke Walton,25,LAL,SF,69,6,19.3,2.0,4.8,0.412,0.3,0.8,0.327,1.7,4.0,0.429,0.439,0.8,1.1,0.75,1.3,2.3,3.6,2.3,0.6,0.2,1.1,1.7,5.0
Antonio Davis,37,NYK,PF,36,31,20.8,1.9,4.4,0.428,0.0,0.0,0.0,1.9,4.4,0.43,0.428,1.3,1.7,0.738,2.1,2.7,4.8,0.4,0.6,0.3,1.2,2.8,5.0
Antonio Davis,37,TOR,C,8,8,23.9,1.8,3.9,0.452,0.0,0.0,,1.8,3.9,0.452,0.452,0.9,2.5,0.35,1.9,2.6,4.5,0.9,0.4,0.1,1.0,3.3,4.4
Malik Allen,27,CHI,PF,54,20,13.0,2.2,4.6,0.49,0.0,0.0,1.0,2.2,4.6,0.488,0.492,0.4,0.7,0.605,0.8,1.8,2.6,0.4,0.3,0.3,0.6,1.7,4.9
Francisco Elson,29,DEN,C,72,54,21.9,2.1,3.9,0.532,0.0,0.1,0.2,2.1,3.9,0.538,0.533,0.7,1.0,0.662,1.4,3.3,4.7,0.7,0.8,0.6,0.9,2.9,4.9
Pat Garrity,29,ORL,PF,57,0,16.5,1.8,4.2,0.417,0.9,2.3,0.388,0.9,2.0,0.451,0.521,0.5,0.6,0.811,0.5,1.4,1.9,0.7,0.2,0.2,0.7,1.9,4.9
Toni KukoÄ,37,MIL,PF,65,0,15.7,1.8,4.6,0.389,0.7,2.3,0.306,1.1,2.3,0.47,0.465,0.6,0.9,0.714,0.4,1.9,2.3,2.1,0.5,0.3,1.0,1.3,4.9
Theo Ratliff,32,POR,C,55,19,23.7,2.0,3.4,0.571,0.0,0.0,,2.0,3.4,0.571,0.571,1.0,1.5,0.651,1.6,3.5,5.1,0.5,0.3,1.6,0.9,2.6,4.9
Darko MiliÄiÄ,20,DET,C,25,0,5.6,0.7,1.3,0.515,0.0,0.1,0.0,0.7,1.2,0.548,0.515,0.1,0.3,0.375,0.4,0.7,1.1,0.4,0.1,0.6,0.6,1.0,1.5
Darko MiliÄiÄ,20,ORL,C,30,1,20.9,3.4,6.7,0.507,0.0,0.0,,3.4,6.7,0.507,0.507,0.8,1.4,0.595,1.1,3.0,4.1,1.1,0.4,2.1,1.2,2.2,7.6
Othella Harrington,32,CHI,C,72,23,11.4,1.9,3.8,0.495,0.0,0.0,,1.9,3.8,0.495,0.495,1.1,1.7,0.626,0.8,1.4,2.1,0.5,0.1,0.2,0.8,1.8,4.8
Jannero Pargo,26,CHI,PG,57,0,11.3,1.9,5.1,0.373,0.7,1.8,0.379,1.2,3.3,0.37,0.44,0.3,0.4,0.81,0.1,0.9,1.1,1.6,0.4,0.0,1.1,1.0,4.8
Eric Snow,32,CLE,PG,82,82,28.7,2.0,4.9,0.409,0.0,0.1,0.1,2.0,4.7,0.416,0.41,0.8,1.1,0.688,0.5,2.0,2.4,4.2,0.9,0.2,1.4,2.7,4.8
Gerald Fitch,23,MIA,PG,18,1,13.3,1.7,4.9,0.337,0.4,1.4,0.269,1.3,3.5,0.365,0.376,0.9,1.3,0.739,0.4,1.3,1.7,1.8,0.4,0.3,0.8,1.6,4.7
Å½eljko RebraÄa,33,LAC,C,29,2,14.2,1.8,3.3,0.542,0.0,0.0,,1.8,3.3,0.542,0.542,1.1,1.4,0.756,0.4,1.8,2.2,0.3,0.2,0.7,0.8,2.0,4.7
Quinton Ross,24,LAC,SF,67,45,22.6,1.9,4.6,0.422,0.0,0.1,0.0,1.9,4.5,0.432,0.422,0.9,1.1,0.76,0.6,2.0,2.5,1.2,0.8,0.2,0.7,2.3,4.7
Etan Thomas,27,WAS,C,71,9,15.8,1.8,3.5,0.533,0.0,0.0,,1.8,3.5,0.533,0.533,1.1,1.8,0.6,1.4,2.5,3.9,0.2,0.3,1.0,0.7,2.1,4.7
Aaron Williams,34,TOR,C,14,3,7.1,0.7,1.4,0.526,0.0,0.0,,0.7,1.4,0.526,0.526,0.4,0.4,0.833,0.4,0.7,1.1,0.1,0.3,0.2,0.4,2.0,1.8
Aaron Williams,34,NOK,C,34,2,20.4,2.4,4.6,0.516,0.0,0.0,,2.4,4.6,0.516,0.516,1.0,1.5,0.673,1.7,3.1,4.9,0.5,0.4,0.5,0.7,3.2,5.8
Trevor Ariza,20,NYK,SF,36,10,19.7,1.7,4.1,0.418,0.0,0.1,0.333,1.7,4.0,0.42,0.421,1.2,2.1,0.545,1.4,2.4,3.8,1.3,1.2,0.3,1.3,2.2,4.6
Trevor Ariza,20,ORL,SF,21,0,13.8,1.5,3.8,0.4,0.0,0.1,0.0,1.5,3.7,0.41,0.4,1.7,2.4,0.7,1.4,2.5,3.9,0.7,0.7,0.1,0.8,1.0,4.7
Andre Barrett,23,PHO,PG,2,0,10.5,1.5,3.5,0.429,0.0,0.5,0.0,1.5,3.0,0.5,0.429,1.5,1.5,1.0,0.5,1.0,1.5,1.0,0.0,0.0,0.5,0.5,4.5
Andre Barrett,23,TOR,PG,17,0,15.4,2.1,5.7,0.361,0.1,0.8,0.154,1.9,4.9,0.393,0.371,0.4,0.5,0.667,0.5,0.8,1.3,2.9,0.6,0.0,0.8,0.7,4.6
Adrian Griffin,31,DAL,SG,52,45,23.9,1.9,3.9,0.48,0.0,0.0,0.0,1.9,3.9,0.485,0.48,0.8,1.0,0.774,1.4,2.9,4.4,1.7,1.0,0.2,0.8,2.2,4.6
Eddie Griffin,23,MIN,C,70,27,19.4,1.9,5.3,0.351,0.2,1.2,0.195,1.6,4.1,0.396,0.373,0.6,1.1,0.595,1.5,4.0,5.6,0.6,0.2,2.1,0.6,1.8,4.6
Anderson VarejÃ£o,23,CLE,C,48,4,15.8,1.6,3.1,0.527,0.0,0.0,0.0,1.6,3.1,0.53,0.527,1.3,2.5,0.513,1.6,3.3,4.9,0.4,0.6,0.4,0.6,2.5,4.6
Justin Reed,24,BOS,SF,32,0,9.1,0.8,2.3,0.338,0.0,0.0,,0.8,2.3,0.338,0.338,0.8,1.3,0.625,0.4,0.5,0.9,0.2,0.2,0.1,0.5,1.4,2.3
Justin Reed,24,MIN,SF,40,6,17.7,2.4,5.5,0.425,0.0,0.0,0.0,2.4,5.5,0.427,0.425,1.6,2.0,0.775,1.0,1.4,2.4,0.9,0.5,0.3,0.9,3.0,6.3
Adonal Foyle,30,GSW,C,77,72,23.7,2.0,3.9,0.507,0.0,0.0,,2.0,3.9,0.507,0.507,0.5,0.9,0.612,1.9,3.6,5.5,0.4,0.6,1.6,1.0,2.8,4.5
Rasho NesteroviÄ,29,SAS,C,80,51,18.9,2.2,4.2,0.515,0.0,0.0,0.0,2.2,4.2,0.518,0.515,0.2,0.4,0.6,1.4,2.4,3.9,0.4,0.3,1.1,0.7,2.6,4.5
Sasha PavloviÄ,22,CLE,SG,53,19,15.3,1.6,4.0,0.41,0.7,1.8,0.365,1.0,2.2,0.448,0.493,0.6,0.9,0.653,0.3,1.2,1.5,0.5,0.4,0.1,0.8,1.9,4.5
BoÅ¡tjan Nachbar,25,NOK,PF,25,13,16.2,1.7,5.0,0.339,0.7,2.3,0.298,1.0,2.7,0.373,0.407,1.0,1.4,0.694,0.2,1.8,2.0,0.9,0.5,0.2,0.8,2.1,5.0
BoÅ¡tjan Nachbar,25,NJN,SF,11,0,8.8,1.1,2.9,0.375,0.2,1.3,0.143,0.9,1.6,0.556,0.406,0.5,0.7,0.625,0.4,0.6,1.0,0.5,0.3,0.0,0.4,1.2,2.8
Malik Rose,31,NYK,PF,72,35,15.5,1.5,3.9,0.374,0.0,0.0,1.0,1.4,3.9,0.371,0.375,1.5,1.9,0.781,1.2,2.4,3.6,0.9,0.6,0.2,1.1,2.0,4.4
Linton Johnson,25,NJN,SF,9,0,3.9,0.6,1.1,0.5,0.0,0.0,,0.6,1.1,0.5,0.5,0.1,0.4,0.25,0.0,0.8,0.8,0.2,0.2,0.0,0.4,0.8,1.2
Linton Johnson,25,NOK,SF,27,7,18.1,2.1,5.1,0.403,0.5,1.3,0.361,1.6,3.8,0.417,0.45,0.6,0.9,0.739,1.5,2.8,4.3,0.4,0.4,0.4,0.9,2.0,5.3
Jon Barry,36,HOU,SG,20,0,17.1,1.3,3.3,0.385,0.6,1.6,0.375,0.7,1.7,0.394,0.477,1.2,1.5,0.828,0.1,1.5,1.6,1.3,0.7,0.1,1.1,1.3,4.3
Anthony Grundy,26,ATL,SG,12,0,9.0,1.6,3.2,0.5,0.4,1.3,0.333,1.2,1.9,0.609,0.566,0.8,1.2,0.643,0.1,1.3,1.4,0.8,0.6,0.0,0.8,1.2,4.3
JiÅÃ­ Welsch,26,MIL,SF,58,2,14.9,1.5,3.8,0.387,0.2,0.8,0.286,1.2,3.0,0.416,0.419,1.1,1.5,0.747,0.4,1.5,1.9,1.1,0.6,0.0,0.7,1.1,4.3
Lee Nailon,30,PHI,PF,22,0,10.8,1.8,3.6,0.5,0.0,0.0,,1.8,3.6,0.5,0.5,0.6,0.7,0.867,1.0,0.9,1.9,0.3,0.4,0.2,0.5,1.5,4.2
Laron Profit,28,LAL,SG,25,1,11.2,1.6,3.4,0.476,0.1,0.7,0.167,1.5,2.6,0.561,0.494,0.8,1.0,0.875,0.3,1.4,1.7,0.6,0.4,0.2,1.0,1.0,4.2
Jason Kapono,24,MIA,SF,51,2,13.0,1.5,3.5,0.446,0.4,1.0,0.396,1.1,2.4,0.468,0.506,0.5,0.6,0.848,0.2,1.2,1.4,0.7,0.1,0.1,0.4,1.7,4.1
Hakim Warrick,23,MEM,PF,68,2,10.6,1.5,3.4,0.443,0.0,0.0,,1.5,3.4,0.443,0.443,1.1,1.7,0.661,0.6,1.5,2.1,0.4,0.2,0.3,0.8,1.7,4.1
Dahntay Jones,25,MEM,SF,71,4,13.6,1.5,3.7,0.414,0.0,0.3,0.143,1.5,3.4,0.438,0.42,0.8,1.3,0.645,0.3,1.2,1.5,0.5,0.5,0.2,0.7,1.5,4.0
Sasha VujaÄiÄ,21,LAL,PG,82,4,17.7,1.3,3.8,0.346,0.7,2.1,0.343,0.6,1.7,0.35,0.441,0.6,0.6,0.885,0.4,1.5,1.9,1.7,0.6,0.0,0.6,1.8,3.9
Andris BiedriÅÅ¡,19,GSW,C,68,2,14.7,1.7,2.7,0.638,0.0,0.0,,1.7,2.7,0.638,0.638,0.3,1.1,0.306,1.8,2.3,4.2,0.4,0.3,0.7,0.5,2.8,3.8
Travis Diener,23,ORL,PG,23,0,10.7,1.3,3.0,0.42,1.1,2.5,0.439,0.2,0.5,0.333,0.601,0.2,0.3,0.833,0.2,0.7,0.9,0.7,0.3,0.0,0.4,1.0,3.8
Daniel Ewing,22,LAC,SG,66,5,14.7,1.5,3.9,0.38,0.3,1.2,0.282,1.1,2.7,0.424,0.424,0.5,0.7,0.783,0.3,0.9,1.3,1.3,0.6,0.1,0.9,1.3,3.8
Danny Fortson,29,SEA,C,23,1,12.0,1.2,2.2,0.529,0.0,0.0,,1.2,2.2,0.529,0.529,1.4,1.9,0.767,1.3,2.0,3.4,0.1,0.2,0.1,1.1,3.3,3.8
Scot Pollard,30,IND,C,45,32,17.1,1.6,3.4,0.455,0.0,0.0,,1.6,3.4,0.455,0.455,0.6,0.8,0.763,1.6,3.2,4.8,0.5,0.8,0.4,0.6,2.6,3.8
Doug Christie,35,DAL,SG,7,7,26.4,1.3,3.7,0.346,0.0,0.1,0.0,1.3,3.6,0.36,0.346,1.1,1.7,0.667,0.3,1.6,1.9,2.0,1.3,0.1,0.9,1.4,3.7
Chuck Hayes,22,HOU,PF,40,0,13.4,1.5,2.6,0.562,0.0,0.0,0.0,1.5,2.6,0.567,0.562,0.7,1.1,0.644,1.7,2.8,4.5,0.4,0.7,0.4,0.3,1.9,3.7
Kelvin Cato,31,ORL,C,23,0,13.0,1.3,3.1,0.431,0.0,0.0,,1.3,3.1,0.431,0.431,1.1,1.5,0.743,0.8,1.9,2.7,0.1,0.3,0.4,0.7,2.1,3.8
Kelvin Cato,31,DET,C,4,0,8.5,1.3,3.0,0.417,0.0,0.0,,1.3,3.0,0.417,0.417,0.0,0.0,,0.3,1.5,1.8,0.5,0.0,0.5,0.5,1.0,2.5
Charles Smith,30,POR,SG,21,4,9.9,1.4,3.4,0.423,0.7,1.8,0.405,0.7,1.6,0.441,0.528,0.2,0.4,0.625,0.1,0.6,0.8,0.4,0.2,0.3,0.2,1.3,3.8
Charles Smith,30,DEN,SG,1,0,2.0,0.0,1.0,0.0,0.0,1.0,0.0,0.0,0.0,,0.0,0.0,0.0,,0.0,0.0,0.0,0.0,0.0,0.0,0.0,1.0,0.0
Will Bynum,23,GSW,PG,15,0,10.8,1.4,3.5,0.404,0.1,0.6,0.222,1.3,2.9,0.442,0.423,0.7,1.1,0.625,0.2,0.6,0.8,1.3,0.5,0.0,0.9,0.7,3.6
Jason Collins,27,NJN,C,71,70,26.7,1.5,3.7,0.397,0.0,0.2,0.25,1.4,3.5,0.404,0.403,0.6,1.2,0.512,1.3,3.5,4.8,1.0,0.6,0.6,0.9,3.5,3.6
Carlos Delfino,23,DET,SG,68,1,10.7,1.3,3.3,0.403,0.3,0.9,0.333,1.0,2.4,0.428,0.447,0.7,1.0,0.672,0.4,1.3,1.7,0.6,0.3,0.2,0.5,1.3,3.6
Royal Ivey,24,ATL,PG,73,66,13.4,1.6,3.6,0.439,0.1,0.1,0.4,1.5,3.5,0.441,0.447,0.3,0.5,0.727,0.4,0.9,1.3,1.0,0.3,0.1,0.3,2.0,3.6
Linas Kleiza,21,DEN,PF,61,2,8.5,1.3,2.8,0.445,0.0,0.2,0.154,1.2,2.6,0.469,0.451,0.9,1.3,0.704,0.6,1.3,1.9,0.2,0.2,0.2,0.3,1.4,3.5
Pape Sow,24,TOR,C,42,25,14.0,1.3,2.9,0.431,0.0,0.0,,1.3,2.9,0.431,0.431,1.0,1.4,0.719,1.3,2.2,3.5,0.2,0.5,0.5,0.7,2.8,3.5
Vin Baker,34,LAC,C,8,1,10.6,0.9,1.9,0.467,0.0,0.0,,0.9,1.9,0.467,0.467,1.6,2.3,0.722,0.3,2.1,2.4,0.5,0.5,0.5,1.1,1.6,3.4
Pat Burke,32,PHO,C,42,0,8.2,1.5,3.0,0.496,0.0,0.2,0.286,1.5,2.9,0.508,0.504,0.3,0.5,0.619,0.5,1.2,1.7,0.4,0.1,0.3,0.8,1.5,3.4
Brian Cardinal,28,MEM,PF,36,0,11.2,1.3,3.1,0.414,0.4,0.8,0.448,0.9,2.3,0.402,0.473,0.5,0.8,0.704,0.3,1.2,1.5,0.9,0.6,0.0,0.8,1.8,3.4
C.J. Miles,18,UTA,PG,23,0,8.8,1.2,3.3,0.368,0.2,0.9,0.25,1.0,2.4,0.411,0.401,0.8,1.0,0.75,0.8,0.9,1.7,0.7,0.3,0.1,0.4,0.9,3.4
Lamond Murray,32,NJN,SF,57,1,10.1,1.3,3.2,0.398,0.5,1.4,0.346,0.8,1.8,0.437,0.472,0.4,0.7,0.625,0.5,1.8,2.3,0.2,0.3,0.1,0.4,1.2,3.4
Scott Padgett,29,NJN,PF,62,1,11.6,1.1,3.2,0.353,0.7,2.0,0.347,0.5,1.3,0.363,0.458,0.4,0.5,0.794,0.9,1.8,2.7,0.7,0.5,0.2,0.3,1.5,3.4
Zoran PlaniniÄ,23,NJN,PG,56,1,10.6,1.2,3.3,0.361,0.2,1.0,0.232,0.9,2.3,0.417,0.396,0.8,1.2,0.697,0.3,1.1,1.3,0.9,0.4,0.1,0.8,1.6,3.4
Wayne Simien,22,MIA,PF,43,2,9.6,1.3,2.8,0.483,0.0,0.0,,1.3,2.8,0.483,0.483,0.7,0.8,0.882,0.9,1.2,2.0,0.2,0.3,0.0,0.6,1.6,3.4
James Singleton,24,LAC,SF,59,10,12.8,1.3,2.6,0.51,0.2,0.3,0.5,1.1,2.2,0.511,0.543,0.7,0.8,0.78,1.1,2.3,3.3,0.5,0.3,0.4,0.5,1.6,3.4
Jacque Vaughn,30,NJN,SG,80,6,15.4,1.3,3.1,0.437,0.0,0.1,0.167,1.3,3.0,0.444,0.439,0.7,1.0,0.728,0.2,0.9,1.1,1.5,0.5,0.0,0.7,1.8,3.4
Corliss Williamson,32,SAC,SF,37,0,9.8,1.2,2.8,0.417,0.1,0.1,1.0,1.1,2.7,0.406,0.427,1.0,1.3,0.776,0.6,1.2,1.8,0.4,0.2,0.1,0.8,1.5,3.4
Richie Frahm,28,MIN,SG,25,0,9.0,1.0,2.6,0.369,0.6,1.9,0.313,0.4,0.7,0.529,0.485,0.1,0.2,0.6,0.1,0.8,0.9,0.6,0.1,0.1,0.2,0.9,2.6
Richie Frahm,28,HOU,SG,8,0,14.6,1.9,4.4,0.429,1.0,2.8,0.364,0.9,1.6,0.538,0.543,0.5,0.6,0.8,0.0,1.3,1.3,0.8,0.1,0.0,0.5,1.0,5.3
Å½arko Äabarkapa,24,GSW,PF,61,0,8.3,1.1,2.9,0.385,0.1,0.3,0.25,1.0,2.5,0.403,0.399,1.0,1.4,0.714,0.6,1.2,1.8,0.3,0.2,0.1,0.6,1.4,3.3
Anthony Carter,30,MIN,PG,45,8,13.1,1.2,3.0,0.387,0.1,0.3,0.267,1.1,2.7,0.402,0.401,0.9,1.2,0.727,0.2,1.2,1.4,2.2,0.5,0.2,0.9,1.6,3.3
Dan Dickau,27,BOS,PG,19,0,12.3,0.9,2.4,0.37,0.5,1.1,0.5,0.4,1.4,0.269,0.478,0.9,0.9,1.0,0.3,0.6,0.8,2.1,0.6,0.1,0.9,2.1,3.3
Jason Hart,27,SAC,PG,66,0,12.4,1.3,3.3,0.389,0.1,0.5,0.29,1.2,2.9,0.405,0.41,0.6,0.8,0.661,0.2,0.9,1.1,1.1,0.5,0.1,0.7,1.3,3.3
Mikki Moore,30,SEA,C,47,1,12.4,1.1,2.6,0.435,0.0,0.0,0.0,1.1,2.6,0.443,0.435,1.0,1.3,0.742,0.9,1.8,2.8,0.6,0.1,0.3,0.9,2.0,3.3
Eric Williams,33,TOR,SF,28,11,12.6,1.0,2.7,0.387,0.2,0.6,0.278,0.9,2.0,0.421,0.42,1.0,1.4,0.737,0.4,1.4,1.8,0.5,0.3,0.1,0.5,2.0,3.3
Howard Eisley,33,LAC,PG,13,0,8.6,0.3,1.3,0.235,0.1,0.3,0.25,0.2,1.0,0.231,0.265,0.0,0.0,,0.1,1.0,1.1,1.9,0.2,0.0,0.2,0.8,0.7
Howard Eisley,33,DEN,PG,19,0,14.8,1.6,4.5,0.349,0.6,2.0,0.316,0.9,2.5,0.375,0.419,1.1,1.3,0.833,0.1,0.9,1.0,2.3,0.4,0.1,0.9,1.2,4.8
Michael Doleac,28,MIA,C,31,3,12.0,1.2,2.8,0.42,0.0,0.0,,1.2,2.8,0.42,0.42,0.8,1.0,0.8,0.7,2.0,2.7,0.3,0.3,0.2,0.5,1.5,3.2
Orien Greene,23,BOS,PG,80,5,15.4,1.3,3.2,0.395,0.1,0.5,0.225,1.1,2.7,0.427,0.413,0.6,0.9,0.662,0.5,1.4,1.8,1.6,1.0,0.1,1.4,2.3,3.2
Sean Marks,30,SAS,PF,25,0,7.2,1.5,2.8,0.521,0.0,0.1,0.0,1.5,2.7,0.544,0.521,0.3,0.5,0.583,0.5,1.2,1.7,0.3,0.2,0.3,0.3,0.8,3.2
Matt Barnes,25,NYK,SF,6,5,15.5,1.8,5.0,0.367,0.2,0.7,0.25,1.7,4.3,0.385,0.383,0.5,0.7,0.75,1.2,2.8,4.0,1.0,0.7,0.0,1.0,1.3,4.3
Matt Barnes,25,PHI,PF,50,0,10.8,1.2,2.2,0.536,0.0,0.2,0.182,1.1,2.0,0.576,0.545,0.6,0.9,0.674,0.8,1.1,1.9,0.4,0.3,0.1,0.5,1.8,3.0
Rawle Marshall,23,DAL,SF,23,9,10.5,1.0,2.6,0.4,0.0,0.1,0.333,1.0,2.5,0.404,0.408,1.0,1.3,0.759,0.3,1.0,1.3,0.4,0.3,0.3,0.7,0.7,3.1
Jim Jackson,35,PHO,SF,27,1,15.6,1.4,4.8,0.295,0.5,2.3,0.222,0.9,2.4,0.364,0.349,0.3,0.5,0.692,0.4,2.0,2.4,1.1,0.4,0.2,1.1,1.7,3.7
Jim Jackson,35,LAL,SF,13,0,7.1,0.7,2.4,0.29,0.3,0.8,0.364,0.4,1.5,0.25,0.355,0.0,0.0,,0.0,0.9,0.9,0.3,0.2,0.0,0.4,0.4,1.7
Sergei Monia,22,POR,SF,23,15,14.6,1.3,3.7,0.341,0.4,1.4,0.273,0.9,2.3,0.385,0.394,0.3,0.5,0.667,0.5,1.7,2.2,0.8,0.3,0.2,0.5,1.8,3.3
Sergei Monia,22,SAC,SF,3,0,2.3,0.0,0.7,0.0,0.0,0.3,0.0,0.0,0.3,0.0,0.0,0.7,0.7,1.0,0.0,0.3,0.3,0.0,0.3,0.0,0.0,0.0,0.7
Kris Humphries,20,UTA,PF,62,2,10.0,1.2,3.3,0.379,0.0,0.1,0.0,1.2,3.2,0.389,0.379,0.5,1.0,0.523,0.9,1.6,2.5,0.5,0.4,0.3,0.5,1.3,3.0
Jerome James,30,NYK,C,45,9,9.0,1.2,2.7,0.463,0.0,0.0,,1.2,2.7,0.463,0.463,0.6,0.9,0.625,0.9,1.2,2.0,0.3,0.1,0.5,1.1,2.3,3.0
Andre Owens,25,UTA,PG,23,2,9.1,1.2,3.2,0.365,0.1,0.7,0.188,1.0,2.5,0.414,0.385,0.5,0.8,0.667,0.5,0.4,0.9,0.3,0.2,0.0,0.6,1.1,3.0
Pavel Podkolzin,21,DAL,C,1,0,18.0,0.0,2.0,0.0,0.0,0.0,,0.0,2.0,0.0,0.0,3.0,6.0,0.5,0.0,7.0,7.0,0.0,0.0,1.0,2.0,0.0,3.0
Josh Powell,23,DAL,PF,37,2,11.6,1.0,2.2,0.457,0.0,0.0,,1.0,2.2,0.457,0.457,1.0,1.2,0.8,0.8,1.4,2.2,0.2,0.2,0.1,0.6,1.4,3.0
Brian Skinner,29,SAC,PF,38,0,11.3,1.0,1.8,0.551,0.0,0.0,,1.0,1.8,0.551,0.551,0.3,0.7,0.444,0.8,1.9,2.7,0.4,0.3,0.5,0.5,1.4,2.3
Brian Skinner,29,POR,C,27,5,19.1,1.6,3.4,0.484,0.0,0.0,,1.6,3.4,0.484,0.484,0.6,1.1,0.517,1.7,3.0,4.7,0.5,0.5,0.9,1.0,2.4,3.8
Lonny Baxter,27,HOU,C,23,0,12.2,1.4,3.1,0.458,0.0,0.0,,1.4,3.1,0.458,0.458,0.7,0.8,0.842,1.7,2.0,3.7,0.1,0.4,0.3,0.6,2.1,3.6
Lonny Baxter,27,CHA,PF,18,0,6.6,0.7,1.8,0.375,0.0,0.0,,0.7,1.8,0.375,0.375,0.7,0.9,0.75,0.4,1.4,1.8,0.1,0.1,0.1,0.4,0.4,2.0
Brian Grant,33,PHO,C,21,2,11.8,1.3,3.1,0.415,0.0,0.0,,1.3,3.1,0.415,0.415,0.3,0.4,0.875,0.5,2.2,2.7,0.3,0.2,0.1,0.3,2.1,2.9
Lindsey Hunter,35,DET,PG,30,1,11.8,1.2,3.3,0.37,0.4,1.4,0.256,0.9,1.9,0.456,0.425,0.1,0.1,0.5,0.3,1.0,1.3,2.1,0.6,0.0,0.7,1.5,2.9
Mario Kasun,25,ORL,C,28,0,7.6,1.1,2.5,0.449,0.0,0.0,,1.1,2.5,0.449,0.449,0.6,0.8,0.783,0.9,1.3,2.1,0.1,0.1,0.1,0.5,2.5,2.9
Brian Scalabrine,27,BOS,PF,71,1,13.2,1.0,2.7,0.383,0.4,1.2,0.356,0.6,1.5,0.406,0.464,0.4,0.5,0.722,0.4,1.2,1.6,0.7,0.3,0.3,0.7,1.8,2.9
Dorell Wright,20,MIA,SF,20,2,6.6,1.0,2.2,0.465,0.2,0.3,0.5,0.9,1.9,0.459,0.5,0.8,0.9,0.882,0.1,1.5,1.6,0.4,0.2,0.1,0.7,0.6,2.9
Moochie Norris,32,HOU,PG,29,0,8.3,0.9,2.2,0.4,0.0,0.2,0.0,0.9,2.1,0.433,0.4,0.4,0.6,0.765,0.3,0.9,1.2,1.0,0.5,0.0,0.6,1.1,2.2
Moochie Norris,32,NOK,PG,16,0,11.4,1.3,2.9,0.426,0.3,0.6,0.444,1.0,2.4,0.421,0.468,1.0,1.6,0.64,0.2,1.1,1.3,1.3,0.4,0.0,1.1,1.1,3.8
Chris Taft,20,GSW,C,17,0,8.5,1.4,2.2,0.605,0.0,0.0,,1.4,2.2,0.605,0.605,0.1,0.4,0.167,1.1,1.0,2.1,0.1,0.1,0.4,0.1,1.5,2.8
Dijon Thompson,22,PHO,SG,10,0,4.3,1.1,2.5,0.44,0.4,1.1,0.364,0.7,1.4,0.5,0.52,0.2,0.2,1.0,0.4,0.7,1.1,0.1,0.3,0.1,0.2,0.6,2.8
Ime Udoka,28,NYK,SF,8,0,14.3,1.1,3.0,0.375,0.1,0.4,0.333,1.0,2.6,0.381,0.396,0.4,0.8,0.5,0.4,1.8,2.1,0.8,0.1,0.0,0.3,1.0,2.8
Mateen Cleaves,28,SEA,PG,27,0,8.5,0.9,2.6,0.352,0.1,0.6,0.25,0.8,2.0,0.382,0.38,0.7,0.9,0.792,0.1,0.4,0.5,1.6,0.1,0.1,0.5,1.1,2.7
Luke Jackson,24,CLE,SF,36,0,8.8,0.8,2.4,0.341,0.3,1.0,0.333,0.5,1.4,0.347,0.412,0.7,0.9,0.788,0.4,0.7,1.1,0.7,0.3,0.1,0.9,0.8,2.7
Kevin Ollie,33,PHI,SG,70,23,15.3,1.1,2.5,0.431,0.0,0.0,0.333,1.1,2.4,0.433,0.434,0.6,0.7,0.837,0.2,1.2,1.4,1.4,0.5,0.0,0.4,1.5,2.7
Donell Taylor,23,WAS,SG,51,1,9.1,1.0,2.7,0.39,0.1,0.3,0.235,1.0,2.3,0.412,0.404,0.6,0.8,0.698,0.3,0.7,1.0,0.9,0.6,0.1,0.7,0.9,2.7
Stephen Graham,23,HOU,SG,6,0,6.3,1.0,2.7,0.375,0.2,0.8,0.2,0.8,1.8,0.455,0.406,0.7,0.7,1.0,0.2,1.0,1.2,0.5,0.3,0.0,0.8,0.8,2.8
Stephen Graham,23,CHI,SG,3,0,6.7,0.3,1.7,0.2,0.3,1.3,0.25,0.0,0.3,0.0,0.3,0.7,0.7,1.0,0.0,1.0,1.0,0.3,0.0,0.0,0.3,1.0,1.7
Stephen Graham,23,CLE,SG,13,0,9.0,1.1,2.5,0.424,0.0,0.1,0.0,1.1,2.5,0.438,0.424,0.6,0.7,0.889,0.3,1.0,1.3,0.2,0.2,0.2,0.5,1.8,2.8
Shandon Anderson,32,MIA,SF,48,1,13.3,1.1,2.6,0.429,0.1,0.4,0.263,1.0,2.2,0.458,0.448,0.3,0.4,0.722,0.4,1.3,1.7,0.6,0.4,0.1,0.5,1.6,2.6
Darrick Martin,34,TOR,PG,40,0,8.5,0.9,2.4,0.351,0.4,1.0,0.4,0.5,1.4,0.316,0.433,0.5,0.6,0.75,0.1,0.5,0.5,1.4,0.4,0.0,0.4,1.1,2.6
Dikembe Mutombo,39,HOU,C,64,23,14.9,0.8,1.5,0.526,0.0,0.0,,0.8,1.5,0.526,0.526,1.1,1.4,0.758,1.6,3.2,4.8,0.1,0.3,0.9,0.5,2.0,2.6
Melvin Sanders,25,SAS,SG,16,0,7.1,1.0,2.1,0.485,0.1,0.2,0.667,0.9,1.9,0.467,0.515,0.4,0.6,0.7,0.3,1.2,1.4,0.2,0.3,0.0,0.5,1.3,2.6
Vitaly Potapenko,30,SEA,C,24,12,13.4,1.3,2.7,0.5,0.0,0.0,,1.3,2.7,0.5,0.5,0.4,0.7,0.588,1.1,1.5,2.6,0.3,0.1,0.1,0.6,1.8,3.1
Vitaly Potapenko,30,SAC,C,9,0,3.6,0.6,0.8,0.714,0.0,0.0,,0.6,0.8,0.714,0.714,0.0,0.0,,0.1,0.1,0.2,0.2,0.0,0.0,0.2,0.7,1.1
Anfernee Hardaway,34,NYK,SF,4,0,18.0,1.0,3.5,0.286,0.0,0.3,0.0,1.0,3.3,0.308,0.286,0.5,0.5,1.0,0.0,2.5,2.5,2.0,0.5,0.0,1.5,1.8,2.5
Alan Henderson,33,CLE,C,51,3,10.4,0.9,1.8,0.516,0.0,0.0,,0.9,1.8,0.516,0.516,0.6,1.0,0.673,1.2,1.5,2.7,0.2,0.2,0.2,0.4,1.1,2.5
Walter McCarty,31,LAC,SF,36,1,9.8,0.9,2.8,0.333,0.3,1.3,0.222,0.6,1.5,0.426,0.384,0.3,0.6,0.571,0.4,1.5,1.9,0.6,0.2,0.1,0.5,1.4,2.4
Greg Ostertag,32,UTA,C,60,22,13.5,1.0,2.1,0.492,0.0,0.0,,1.0,2.1,0.492,0.492,0.4,0.8,0.5,1.4,2.4,3.8,1.0,0.1,1.1,0.8,2.2,2.4
Rafael AraÃºjo,25,TOR,C,52,34,11.6,1.0,2.8,0.366,0.0,0.0,0.0,1.0,2.8,0.368,0.366,0.3,0.5,0.536,0.8,1.9,2.8,0.3,0.5,0.1,0.8,2.0,2.3
Brandon Bass,20,NOK,PF,29,1,9.2,1.0,2.4,0.4,0.0,0.0,,1.0,2.4,0.4,0.4,0.4,0.7,0.632,0.6,1.7,2.3,0.1,0.1,0.2,0.4,0.6,2.3
DeSagana Diop,24,DAL,C,81,45,18.6,0.9,1.9,0.487,0.0,0.0,0.5,0.9,1.9,0.487,0.49,0.5,0.9,0.542,1.8,2.8,4.6,0.3,0.5,1.8,0.4,3.1,2.3
John Lucas III,23,HOU,PG,13,0,8.2,1.1,2.8,0.389,0.2,0.7,0.222,0.9,2.1,0.444,0.417,0.0,0.0,,0.2,0.2,0.4,0.9,0.4,0.0,0.5,0.5,2.3
Arvydas Macijauskas,26,NOK,SG,19,0,7.1,0.7,2.2,0.341,0.2,0.6,0.25,0.6,1.5,0.379,0.378,0.7,0.8,0.867,0.2,0.4,0.5,0.3,0.4,0.0,0.4,0.5,2.3
Jason Maxiell,22,DET,PF,26,0,6.1,0.9,2.1,0.426,0.0,0.0,,0.9,2.1,0.426,0.426,0.5,1.6,0.333,0.5,0.6,1.1,0.1,0.2,0.2,0.4,0.5,2.3
Bo Outlaw,34,ORL,PF,32,0,11.1,1.1,1.8,0.603,0.0,0.0,,1.1,1.8,0.603,0.603,0.2,0.3,0.625,1.0,1.4,2.4,0.4,0.3,0.4,0.5,1.6,2.3
Shavlik Randolph,22,PHI,PF,57,1,8.5,0.8,1.7,0.454,0.0,0.0,,0.8,1.7,0.454,0.454,0.8,1.2,0.606,1.0,1.4,2.3,0.3,0.3,0.2,0.4,1.5,2.3
Loren Woods,27,TOR,C,27,4,12.0,1.0,2.2,0.475,0.0,0.0,0.0,1.0,2.1,0.483,0.475,0.2,0.5,0.429,1.6,2.4,4.1,0.1,0.3,0.9,0.6,1.8,2.3
Zendon Hamilton,30,CLE,C,11,0,4.2,0.6,1.2,0.538,0.0,0.0,,0.6,1.2,0.538,0.538,1.0,1.5,0.688,0.3,0.7,1.0,0.0,0.3,0.0,0.5,0.4,2.3
Zendon Hamilton,30,PHI,C,1,0,3.0,0.0,1.0,0.0,0.0,0.0,,0.0,1.0,0.0,0.0,1.0,2.0,0.5,0.0,0.0,0.0,0.0,1.0,0.0,0.0,1.0,1.0
Andray Blatche,19,WAS,PF,29,0,6.0,0.9,2.3,0.388,0.1,0.4,0.231,0.8,1.9,0.426,0.41,0.3,0.4,0.833,0.4,0.9,1.3,0.3,0.2,0.2,0.4,1.2,2.2
Calbert Cheaney,34,GSW,SF,42,0,10.7,1.0,2.6,0.389,0.0,0.2,0.0,1.0,2.4,0.42,0.389,0.2,0.2,1.0,0.5,1.0,1.5,0.5,0.3,0.0,0.4,0.9,2.2
Ronald Dupree,25,MIN,SF,36,0,7.4,0.9,1.8,0.524,0.0,0.0,0.0,0.9,1.7,0.532,0.524,0.4,1.1,0.341,0.6,0.8,1.4,0.4,0.3,0.0,0.4,1.2,2.2
Boniface N'Dong,28,LAC,C,23,1,6.6,1.0,2.3,0.415,0.0,0.0,0.0,1.0,2.3,0.423,0.415,0.3,0.4,0.667,0.7,1.0,1.6,0.3,0.1,0.2,0.3,1.0,2.2
Anthony Roberson,22,MEM,PG,16,0,5.5,0.9,1.9,0.452,0.3,0.6,0.5,0.6,1.3,0.429,0.532,0.1,0.1,1.0,0.0,0.4,0.4,0.3,0.1,0.0,0.2,0.4,2.2
Billy Thomas,30,WAS,SG,17,0,7.7,0.8,2.4,0.325,0.6,1.8,0.333,0.2,0.6,0.3,0.45,0.1,0.1,1.0,0.3,0.5,0.8,0.5,0.6,0.1,0.4,1.1,2.2
Nikoloz Tskitishvili,22,MIN,PF,5,0,2.6,0.2,0.8,0.25,0.0,0.0,,0.2,0.8,0.25,0.25,0.2,0.4,0.5,0.0,0.4,0.4,0.0,0.0,0.0,0.4,0.0,0.6
Nikoloz Tskitishvili,22,PHO,SF,12,0,7.2,1.0,2.8,0.364,0.1,0.3,0.333,0.9,2.5,0.367,0.379,0.7,1.0,0.667,0.8,0.9,1.7,0.3,0.1,0.2,0.3,0.7,2.8
Darrell Armstrong,37,DAL,PG,62,2,10.0,0.7,2.1,0.336,0.2,0.8,0.229,0.5,1.3,0.4,0.379,0.5,0.7,0.786,0.3,1.0,1.3,1.4,0.4,0.0,0.9,1.1,2.1
Eddie Basden,22,CHI,SF,19,0,7.4,0.8,1.9,0.405,0.1,0.4,0.143,0.7,1.6,0.467,0.419,0.4,0.5,0.8,0.4,1.1,1.5,0.4,0.5,0.1,0.5,0.9,2.1
Ronnie Price,22,SAC,PG,29,0,5.2,0.7,2.0,0.362,0.2,0.9,0.222,0.5,1.1,0.484,0.414,0.4,0.4,1.0,0.2,0.3,0.5,0.4,0.2,0.0,0.3,0.3,2.1
Robert Whaley,23,UTA,C,23,0,9.2,1.0,2.5,0.404,0.0,0.0,,1.0,2.5,0.404,0.404,0.1,0.3,0.5,0.7,1.2,1.9,0.7,0.3,0.3,0.6,1.8,2.1
Rick Brunson,33,SEA,PG,4,0,7.8,1.3,2.0,0.625,0.0,0.3,0.0,1.3,1.8,0.714,0.625,0.0,0.0,,0.0,0.5,0.5,0.5,0.0,0.0,0.8,0.3,2.5
Rick Brunson,33,HOU,PG,23,0,9.3,0.7,2.0,0.348,0.2,0.5,0.417,0.5,1.5,0.324,0.402,0.3,0.5,0.583,0.0,0.8,0.9,1.4,0.3,0.0,0.8,0.9,1.9
Stacey Augmon,37,ORL,SF,36,3,10.7,0.7,2.0,0.342,0.0,0.0,,0.7,2.0,0.342,0.342,0.6,0.8,0.7,0.5,1.0,1.5,0.6,0.3,0.2,0.3,1.1,2.0
Antonio Burks,25,MEM,PG,57,1,10.0,0.9,2.5,0.354,0.0,0.1,0.167,0.9,2.4,0.362,0.358,0.2,0.4,0.435,0.1,0.6,0.6,1.3,0.4,0.0,0.6,0.8,2.0
Eric Piatkowski,35,CHI,SG,29,1,7.9,0.8,2.1,0.393,0.3,1.1,0.273,0.5,1.0,0.536,0.467,0.1,0.2,0.4,0.1,0.7,0.8,0.4,0.2,0.0,0.4,0.7,2.0
Ronny Turiaf,23,LAL,C,23,1,7.0,0.7,1.3,0.5,0.0,0.0,,0.7,1.3,0.5,0.5,0.7,1.2,0.556,0.5,1.1,1.6,0.3,0.1,0.4,0.3,1.3,2.0
Derrick Zimmerman,24,NJN,PG,2,0,16.0,1.0,1.5,0.667,0.0,0.0,,1.0,1.5,0.667,0.667,0.0,0.0,,0.5,1.5,2.0,3.5,0.0,0.0,2.0,2.0,2.0
Lou Williams,19,PHI,PG,30,0,4.8,0.8,1.7,0.442,0.1,0.3,0.222,0.7,1.4,0.488,0.462,0.3,0.4,0.615,0.1,0.5,0.6,0.3,0.2,0.0,0.4,0.4,1.9
Mike Wilks,26,CLE,PG,37,0,6.6,0.5,1.6,0.288,0.1,0.4,0.143,0.4,1.2,0.333,0.305,0.2,0.3,0.5,0.2,0.6,0.7,0.5,0.2,0.0,0.4,0.7,1.1
Mike Wilks,26,SEA,PG,10,0,10.5,1.2,3.1,0.387,0.1,0.5,0.2,1.1,2.6,0.423,0.403,1.9,2.9,0.655,0.3,0.9,1.2,1.4,0.6,0.0,0.9,0.7,4.4
Alex Acker,23,DET,SG,5,0,7.0,0.8,3.2,0.25,0.2,1.0,0.2,0.6,2.2,0.273,0.281,0.0,0.0,,0.2,0.8,1.0,0.8,0.2,0.0,0.8,0.8,1.8
Esteban Batista,22,ATL,PF,57,3,8.7,0.6,1.4,0.425,0.0,0.0,0.0,0.6,1.4,0.43,0.425,0.6,0.9,0.623,1.1,1.5,2.5,0.1,0.3,0.2,0.7,1.9,1.8
Kevin Burleson,26,CHA,PG,39,1,8.7,0.6,2.3,0.25,0.3,1.4,0.185,0.3,0.9,0.353,0.307,0.4,0.4,0.941,0.1,0.6,0.7,1.2,0.7,0.1,0.6,1.6,1.8
John Edwards,24,ATL,C,40,4,7.4,0.8,1.6,0.484,0.0,0.0,,0.8,1.6,0.484,0.484,0.2,0.3,0.727,0.5,0.8,1.2,0.1,0.1,0.4,0.3,1.9,1.8
Luke Schenscher,23,CHI,C,20,0,7.5,0.8,1.3,0.615,0.0,0.0,,0.8,1.3,0.615,0.615,0.2,0.7,0.308,0.4,1.1,1.5,0.4,0.1,0.2,0.3,1.1,1.8
Jackson Vroman,24,NOK,PF,41,2,9.9,0.6,1.6,0.394,0.0,0.0,,0.6,1.6,0.394,0.394,0.5,1.1,0.477,0.8,1.3,2.1,0.3,0.3,0.3,0.5,1.9,1.8
Antoine Wright,21,NJN,SG,39,0,9.5,0.7,2.1,0.358,0.0,0.4,0.067,0.7,1.7,0.424,0.364,0.3,0.6,0.5,0.2,0.6,0.8,0.3,0.1,0.1,0.5,1.1,1.8
D.J. Mbenga,25,DAL,C,43,1,5.5,0.7,1.4,0.533,0.0,0.0,0.0,0.7,1.4,0.542,0.533,0.2,0.5,0.5,0.4,0.9,1.3,0.0,0.1,0.6,0.4,1.1,1.7
Fabricio Oberto,30,SAS,C,59,0,8.3,0.7,1.6,0.473,0.0,0.0,0.0,0.7,1.5,0.484,0.473,0.3,0.5,0.556,1.0,1.1,2.1,0.5,0.2,0.2,0.5,1.5,1.7
Donta Smith,22,ATL,SG,23,0,5.5,0.7,1.2,0.556,0.1,0.2,0.5,0.6,1.0,0.565,0.593,0.3,0.5,0.5,0.1,0.5,0.6,0.4,0.3,0.0,0.2,0.9,1.7
Awvee Storey,28,WAS,SF,25,1,4.6,0.6,1.6,0.39,0.1,0.3,0.429,0.5,1.4,0.382,0.427,0.3,0.6,0.571,0.3,0.6,0.9,0.2,0.1,0.0,0.2,0.9,1.7
Earl Barron,24,MIA,C,8,0,5.6,0.6,2.0,0.313,0.0,0.0,,0.6,2.0,0.313,0.313,0.4,0.5,0.75,0.3,1.0,1.3,0.0,0.0,0.0,0.6,1.3,1.6
Andrew Bynum,18,LAL,C,46,0,7.3,0.7,1.8,0.402,0.0,0.0,,0.7,1.8,0.402,0.402,0.2,0.6,0.296,0.7,1.0,1.7,0.2,0.1,0.5,0.4,1.2,1.6
Terence Morris,27,ORL,SF,22,0,8.7,0.7,2.2,0.327,0.0,0.1,0.0,0.7,2.1,0.34,0.327,0.1,0.1,1.0,0.3,1.5,1.7,0.2,0.3,0.2,0.3,0.9,1.6
Ha Seung-Jin,20,POR,C,27,4,7.9,0.7,1.1,0.581,0.0,0.0,,0.7,1.1,0.581,0.581,0.3,0.6,0.471,0.5,1.3,1.8,0.0,0.1,0.3,0.5,1.5,1.6
Michael Bradley,26,PHI,PF,46,1,8.0,0.7,1.7,0.405,0.0,0.1,0.2,0.7,1.6,0.419,0.411,0.0,0.1,0.667,0.9,1.5,2.3,0.4,0.1,0.2,0.4,0.8,1.5
Noel Felix,24,SEA,SF,12,0,6.8,0.5,2.1,0.24,0.1,0.3,0.333,0.4,1.8,0.227,0.26,0.4,0.7,0.625,0.3,0.8,1.1,0.2,0.2,0.3,0.7,1.1,1.5
Lawrence Roberts,23,MEM,C,33,0,5.5,0.6,1.3,0.455,0.0,0.1,0.0,0.6,1.3,0.476,0.455,0.3,0.7,0.478,0.8,0.7,1.5,0.2,0.2,0.1,0.2,0.9,1.5
Calvin Booth,29,WAS,C,33,2,7.6,0.6,1.4,0.426,0.0,0.1,0.5,0.6,1.4,0.422,0.436,0.2,0.3,0.556,0.6,1.0,1.6,0.4,0.3,0.3,0.2,1.3,1.4
Michael Ruffin,29,WAS,C,76,4,13.3,0.4,1.0,0.442,0.0,0.0,0.0,0.4,1.0,0.453,0.442,0.5,1.0,0.5,1.6,2.0,3.6,0.4,0.4,0.4,0.5,2.4,1.4
James Thomas,25,PHI,PF,15,0,8.3,0.5,0.9,0.538,0.0,0.0,,0.5,0.9,0.538,0.538,0.5,0.9,0.571,0.5,1.5,2.1,0.1,0.0,0.2,0.5,2.1,1.5
James Thomas,25,CHI,PF,7,0,3.7,0.4,0.9,0.5,0.0,0.0,,0.4,0.9,0.5,0.5,0.0,0.0,,0.6,0.6,1.1,0.0,0.0,0.0,0.0,0.4,0.9
Ryan Bowen,30,HOU,SF,68,19,9.6,0.5,1.8,0.298,0.0,0.3,0.136,0.5,1.5,0.333,0.31,0.2,0.2,0.786,0.5,0.8,1.3,0.4,0.3,0.1,0.2,1.3,1.3
Sharrod Ford,24,PHO,PF,3,0,4.3,0.7,1.0,0.667,0.0,0.0,,0.7,1.0,0.667,0.667,0.0,0.0,,0.3,0.7,1.0,0.0,0.0,0.3,0.7,2.3,1.3
Ira Newble,31,CLE,SG,36,3,9.8,0.5,1.6,0.298,0.1,0.4,0.231,0.4,1.2,0.318,0.325,0.3,0.4,0.688,0.6,1.0,1.6,0.3,0.1,0.3,0.3,1.3,1.3
Von Wafer,20,LAL,SG,16,0,4.6,0.4,2.4,0.158,0.1,1.1,0.118,0.3,1.3,0.19,0.184,0.4,0.5,0.75,0.3,0.2,0.5,0.3,0.2,0.0,0.1,0.8,1.3
Jermaine Jackson,29,MIL,PG,30,2,6.7,0.4,0.9,0.423,0.0,0.1,0.25,0.3,0.7,0.455,0.442,0.4,0.5,0.857,0.3,0.6,0.9,0.8,0.1,0.0,0.4,0.6,1.2
Mark Madsen,30,MIN,C,62,7,10.9,0.4,1.1,0.409,0.0,0.1,0.0,0.4,1.0,0.458,0.409,0.3,0.8,0.426,0.8,1.5,2.3,0.2,0.4,0.3,0.4,1.8,1.2
Reece Gaines,25,MIL,PG,12,0,4.5,0.5,1.0,0.5,0.0,0.2,0.0,0.5,0.8,0.6,0.5,0.1,0.3,0.25,0.0,0.0,0.0,0.3,0.1,0.0,0.1,0.1,1.1
Eddie Gill,27,IND,PG,41,0,3.0,0.2,1.1,0.222,0.2,0.6,0.304,0.1,0.5,0.136,0.3,0.4,0.6,0.783,0.0,0.4,0.4,0.3,0.3,0.0,0.2,0.3,1.1
Yaroslav Korolev,18,LAC,SF,24,0,5.3,0.4,1.3,0.3,0.1,0.3,0.286,0.3,1.0,0.304,0.333,0.3,0.4,0.7,0.2,0.3,0.5,0.4,0.1,0.0,0.3,0.5,1.1
Josh Davis,25,MIL,PF,4,0,3.0,0.3,1.0,0.25,0.0,0.3,0.0,0.3,0.8,0.333,0.25,0.0,0.0,,0.5,0.3,0.8,0.3,0.3,0.0,0.3,0.5,0.5
Josh Davis,25,HOU,PF,1,0,0.0,0.0,0.0,,0.0,0.0,,0.0,0.0,,,0.0,0.0,,0.0,0.0,0.0,0.0,0.0,0.0,0.0,1.0,0.0
Josh Davis,25,PHO,PF,1,0,5.0,1.0,3.0,0.333,0.0,1.0,0.0,1.0,2.0,0.5,0.333,2.0,3.0,0.667,1.0,0.0,1.0,0.0,1.0,0.0,0.0,0.0,4.0
Dwayne Jones,22,BOS,PF,14,0,6.2,0.3,0.7,0.4,0.0,0.0,,0.3,0.7,0.4,0.4,0.4,0.9,0.462,0.7,1.5,2.2,0.1,0.1,0.2,0.2,1.0,1.0
Stanislav Medvedenko,26,LAL,PF,2,0,3.0,0.5,1.0,0.5,0.0,0.0,,0.5,1.0,0.5,0.5,0.0,0.0,,0.0,0.0,0.0,0.5,0.0,0.0,0.0,0.5,1.0
Matt Walsh,23,MIA,SG,2,0,1.5,0.5,0.5,1.0,0.0,0.0,,0.5,0.5,1.0,1.0,0.0,1.0,0.0,0.0,0.0,0.0,0.0,0.0,0.0,0.5,0.0,1.0
Alvin Williams,31,TOR,PG,1,0,10.0,0.0,3.0,0.0,0.0,2.0,0.0,0.0,1.0,0.0,0.0,1.0,2.0,0.5,0.0,3.0,3.0,0.0,0.0,0.0,0.0,0.0,1.0
John Thomas,30,MEM,C,3,0,8.3,0.7,0.7,1.0,0.0,0.0,,0.7,0.7,1.0,1.0,0.0,0.0,,0.0,0.0,0.0,0.3,0.0,0.3,0.7,1.0,1.3
John Thomas,30,ATL,C,11,0,6.0,0.3,0.6,0.429,0.0,0.0,,0.3,0.6,0.429,0.429,0.3,0.4,0.75,0.3,0.6,0.9,0.1,0.2,0.0,0.4,0.9,0.8
John Thomas,30,NJN,C,2,0,18.0,0.5,3.0,0.167,0.0,0.0,,0.5,3.0,0.167,0.167,0.0,0.0,,3.5,1.5,5.0,0.0,0.5,0.5,1.0,2.0,1.0
Dale Davis,36,DET,C,28,2,6.4,0.3,0.9,0.375,0.0,0.0,0.0,0.3,0.8,0.391,0.375,0.3,0.5,0.533,0.8,1.1,1.9,0.2,0.0,0.3,0.1,0.8,0.9
Devin Green,23,LAL,SG,27,0,5.0,0.2,1.0,0.214,0.0,0.1,0.0,0.2,1.0,0.231,0.214,0.5,0.8,0.619,0.4,0.5,0.9,0.3,0.1,0.0,0.2,0.5,0.9
Julius Hodge,22,DEN,SG,14,0,2.4,0.4,0.9,0.385,0.0,0.0,,0.4,0.9,0.385,0.385,0.2,0.6,0.375,0.4,0.1,0.5,0.4,0.1,0.0,0.6,0.5,0.9
Ervin Johnson,38,MIL,C,18,0,4.5,0.4,0.9,0.412,0.0,0.0,,0.4,0.9,0.412,0.412,0.1,0.1,0.5,0.3,1.1,1.3,0.1,0.1,0.1,0.3,1.3,0.8
Aaron Miles,22,GSW,PG,19,0,6.2,0.3,0.9,0.333,0.0,0.0,,0.3,0.9,0.333,0.333,0.2,0.2,1.0,0.0,0.7,0.7,1.3,0.2,0.1,0.6,0.7,0.8
Jamal Sampson,22,SAC,PF,12,0,3.3,0.4,0.6,0.714,0.0,0.0,,0.4,0.6,0.714,0.714,0.0,0.2,0.0,0.4,1.1,1.5,0.4,0.0,0.3,0.0,0.4,0.8
Maciej Lampe,20,NOK,C,2,0,8.0,0.0,2.0,0.0,0.0,0.0,,0.0,2.0,0.0,0.0,0.0,0.0,,0.5,1.5,2.0,1.0,0.0,0.0,0.5,1.0,0.0
Maciej Lampe,20,HOU,C,4,0,3.0,0.5,1.8,0.286,0.0,0.0,,0.5,1.8,0.286,0.286,0.0,0.5,0.0,0.8,0.5,1.3,0.0,0.0,0.0,0.5,0.0,1.0
Anthony Goldwire,34,LAC,PG,3,0,7.3,0.3,2.3,0.143,0.0,0.7,0.0,0.3,1.7,0.2,0.143,0.0,0.0,,0.0,0.3,0.3,0.7,0.0,0.0,0.3,0.0,0.7
Randy Holcomb,26,CHI,SF,4,0,2.8,0.3,0.3,1.0,0.0,0.0,,0.3,0.3,1.0,1.0,0.0,0.0,,0.3,0.0,0.3,0.0,0.0,0.0,0.0,0.5,0.5
Aaron McKie,33,LAL,PG,14,0,8.6,0.2,0.9,0.25,0.0,0.1,0.0,0.2,0.7,0.3,0.25,0.1,0.1,0.5,0.2,1.2,1.4,0.8,0.4,0.0,0.1,0.5,0.5
Samaki Walker,29,IND,PF,7,0,3.1,0.0,0.3,0.0,0.0,0.0,,0.0,0.3,0.0,0.0,0.3,0.3,1.0,0.0,0.4,0.4,0.0,0.0,0.1,0.3,1.0,0.3
Martynas AndriuÅ¡keviÄius,19,CLE,C,6,0,1.5,0.0,0.2,0.0,0.0,0.0,,0.0,0.2,0.0,0.0,0.0,0.0,,0.2,0.5,0.7,0.0,0.3,0.0,0.0,0.2,0.0
Deng Gai,23,PHI,C,2,0,2.5,0.0,0.0,,0.0,0.0,,0.0,0.0,,,0.0,0.0,,0.0,0.0,0.0,0.0,0.0,0.0,0.0,0.0,0.0
NenÃª,23,DEN,PF,1,0,3.0,0.0,1.0,0.0,0.0,0.0,,0.0,1.0,0.0,0.0,0.0,0.0,,0.0,0.0,0.0,0.0,0.0,0.0,2.0,1.0,0.0
Randy Livingston,30,CHI,PG,5,0,4.4,0.0,0.4,0.0,0.0,0.0,,0.0,0.4,0.0,0.0,0.0,0.0,,0.2,0.6,0.8,0.2,0.2,0.0,0.2,1.2,0.0
Bryon Russell,35,DEN,SF,1,0,3.0,0.0,0.0,,0.0,0.0,,0.0,0.0,,,0.0,0.0,,0.0,1.0,1.0,1.0,0.0,0.0,0.0,0.0,0.0
Alex Scales,27,SAS,SG,1,0,0.0,0.0,0.0,,0.0,0.0,,0.0,0.0,,,0.0,0.0,,0.0,0.0,0.0,0.0,0.0,0.0,0.0,0.0,0.0
